id,name,email,age
1100,velanvel1,velanvel12@abcd.com,12
1101,velanvel2,velanvel12@abcd.com,13
1102,velanvel3,velanvel12@abcd.com,14
1103,velanvel4,velanvel12@abcd.com,15
1104,velanvel5,velanvel12@abcd.com,16
1105,velanvel6,velanvel12@abcd.com,17
1106,velanvel7,velanvel12@abcd.com,18
1107,velanvel8,velanvel12@abcd.com,19
1108,velanvel9,velanvel12@abcd.com,20
1109,velanvel10,velanvel12@abcd.com,21
1110,velanvel11,velanvel12@abcd.com,22
1111,velanvel12,velanvel12@abcd.com,23
1112,velanvel13,velanvel12@abcd.com,24
1113,velanvel14,velanvel12@abcd.com,25
1114,velanvel15,velanvel12@abcd.com,26
1115,velanvel16,velanvel12@abcd.com,27
1116,velanvel17,velanvel12@abcd.com,28
1117,velanvel18,velanvel12@abcd.com,29
1118,velanvel19,velanvel12@abcd.com,30
1119,velanvel20,velanvel12@abcd.com,31
1120,velanvel21,velanvel12@abcd.com,32
1121,velanvel22,velanvel12@abcd.com,33
1122,velanvel23,velanvel12@abcd.com,34
1123,velanvel24,velanvel12@abcd.com,35
1124,velanvel25,velanvel12@abcd.com,36
1125,velanvel26,velanvel12@abcd.com,37
1126,velanvel27,velanvel12@abcd.com,38
1127,velanvel28,velanvel12@abcd.com,39
1128,velanvel29,velanvel12@abcd.com,40
1129,velanvel30,velanvel12@abcd.com,41
1130,velanvel31,velanvel12@abcd.com,42
1131,velanvel32,velanvel12@abcd.com,43
1132,velanvel33,velanvel12@abcd.com,44
1133,velanvel34,velanvel12@abcd.com,45
1134,velanvel35,velanvel12@abcd.com,46
1135,velanvel36,velanvel12@abcd.com,47
1136,velanvel37,velanvel12@abcd.com,48
1137,velanvel38,velanvel12@abcd.com,49
1138,velanvel39,velanvel12@abcd.com,50
1139,velanvel40,velanvel12@abcd.com,51
1140,velanvel41,velanvel12@abcd.com,52
1141,velanvel42,velanvel12@abcd.com,53
1142,velanvel43,velanvel12@abcd.com,54
1143,velanvel44,velanvel12@abcd.com,55
1144,velanvel45,velanvel12@abcd.com,56
1145,velanvel46,velanvel12@abcd.com,57
1146,velanvel47,velanvel12@abcd.com,58
1147,velanvel48,velanvel12@abcd.com,59
1148,velanvel49,velanvel12@abcd.com,60
1149,velanvel50,velanvel12@abcd.com,61
1150,velanvel51,velanvel12@abcd.com,62
1151,velanvel52,velanvel12@abcd.com,63
1152,velanvel53,velanvel12@abcd.com,64
1153,velanvel54,velanvel12@abcd.com,65
1154,velanvel55,velanvel12@abcd.com,66
1155,velanvel56,velanvel12@abcd.com,67
1156,velanvel57,velanvel12@abcd.com,68
1157,velanvel58,velanvel12@abcd.com,69
1158,velanvel59,velanvel12@abcd.com,70
1159,velanvel60,velanvel12@abcd.com,71
1160,velanvel61,velanvel12@abcd.com,72
1161,velanvel62,velanvel12@abcd.com,73
1162,velanvel63,velanvel12@abcd.com,74
1163,velanvel64,velanvel12@abcd.com,75
1164,velanvel65,velanvel12@abcd.com,76
1165,velanvel66,velanvel12@abcd.com,77
1166,velanvel67,velanvel12@abcd.com,78
1167,velanvel68,velanvel12@abcd.com,79
1168,velanvel69,velanvel12@abcd.com,80
1169,velanvel70,velanvel12@abcd.com,81
1170,velanvel71,velanvel12@abcd.com,82
1171,velanvel72,velanvel12@abcd.com,83
1172,velanvel73,velanvel12@abcd.com,84
1173,velanvel74,velanvel12@abcd.com,85
1174,velanvel75,velanvel12@abcd.com,86
1175,velanvel76,velanvel12@abcd.com,87
1176,velanvel77,velanvel12@abcd.com,88
1177,velanvel78,velanvel12@abcd.com,89
1178,velanvel79,velanvel12@abcd.com,90
1179,velanvel80,velanvel12@abcd.com,91
1180,velanvel81,velanvel12@abcd.com,92
1181,velanvel82,velanvel12@abcd.com,93
1182,velanvel83,velanvel12@abcd.com,94
1183,velanvel84,velanvel12@abcd.com,95
1184,velanvel85,velanvel12@abcd.com,96
1185,velanvel86,velanvel12@abcd.com,97
1186,velanvel87,velanvel12@abcd.com,98
1187,velanvel88,velanvel12@abcd.com,99
1188,velanvel89,velanvel12@abcd.com,100
1189,velanvel90,velanvel12@abcd.com,101
1190,velanvel91,velanvel12@abcd.com,102
1191,velanvel92,velanvel12@abcd.com,103
1192,velanvel93,velanvel12@abcd.com,104
1193,velanvel94,velanvel12@abcd.com,105
1194,velanvel95,velanvel12@abcd.com,106
1195,velanvel96,velanvel12@abcd.com,107
1196,velanvel97,velanvel12@abcd.com,108
1197,velanvel98,velanvel12@abcd.com,109
1198,velanvel99,velanvel12@abcd.com,110
1199,velanvel100,velanvel12@abcd.com,111
1200,velanvel101,velanvel12@abcd.com,112
1201,velanvel102,velanvel12@abcd.com,113
1202,velanvel103,velanvel12@abcd.com,114
1203,velanvel104,velanvel12@abcd.com,115
1204,velanvel105,velanvel12@abcd.com,116
1205,velanvel106,velanvel12@abcd.com,117
1206,velanvel107,velanvel12@abcd.com,118
1207,velanvel108,velanvel12@abcd.com,119
1208,velanvel109,velanvel12@abcd.com,120
1209,velanvel110,velanvel12@abcd.com,121
1210,velanvel111,velanvel12@abcd.com,122
1211,velanvel112,velanvel12@abcd.com,123
1212,velanvel113,velanvel12@abcd.com,124
1213,velanvel114,velanvel12@abcd.com,125
1214,velanvel115,velanvel12@abcd.com,126
1215,velanvel116,velanvel12@abcd.com,127
1216,velanvel117,velanvel12@abcd.com,128
1217,velanvel118,velanvel12@abcd.com,129
1218,velanvel119,velanvel12@abcd.com,130
1219,velanvel120,velanvel12@abcd.com,131
1220,velanvel121,velanvel12@abcd.com,132
1221,velanvel122,velanvel12@abcd.com,133
1222,velanvel123,velanvel12@abcd.com,134
1223,velanvel124,velanvel12@abcd.com,135
1224,velanvel125,velanvel12@abcd.com,136
1225,velanvel126,velanvel12@abcd.com,137
1226,velanvel127,velanvel12@abcd.com,138
1227,velanvel128,velanvel12@abcd.com,139
1228,velanvel129,velanvel12@abcd.com,140
1229,velanvel130,velanvel12@abcd.com,141
1230,velanvel131,velanvel12@abcd.com,142
1231,velanvel132,velanvel12@abcd.com,143
1232,velanvel133,velanvel12@abcd.com,144
1233,velanvel134,velanvel12@abcd.com,145
1234,velanvel135,velanvel12@abcd.com,146
1235,velanvel136,velanvel12@abcd.com,147
1236,velanvel137,velanvel12@abcd.com,148
1237,velanvel138,velanvel12@abcd.com,149
1238,velanvel139,velanvel12@abcd.com,150
1239,velanvel140,velanvel12@abcd.com,151
1240,velanvel141,velanvel12@abcd.com,152
1241,velanvel142,velanvel12@abcd.com,153
1242,velanvel143,velanvel12@abcd.com,154
1243,velanvel144,velanvel12@abcd.com,155
1244,velanvel145,velanvel12@abcd.com,156
1245,velanvel146,velanvel12@abcd.com,157
1246,velanvel147,velanvel12@abcd.com,158
1247,velanvel148,velanvel12@abcd.com,159
1248,velanvel149,velanvel12@abcd.com,160
1249,velanvel150,velanvel12@abcd.com,161
1250,velanvel151,velanvel12@abcd.com,162
1251,velanvel152,velanvel12@abcd.com,163
1252,velanvel153,velanvel12@abcd.com,164
1253,velanvel154,velanvel12@abcd.com,165
1254,velanvel155,velanvel12@abcd.com,166
1255,velanvel156,velanvel12@abcd.com,167
1256,velanvel157,velanvel12@abcd.com,168
1257,velanvel158,velanvel12@abcd.com,169
1258,velanvel159,velanvel12@abcd.com,170
1259,velanvel160,velanvel12@abcd.com,171
1260,velanvel161,velanvel12@abcd.com,172
1261,velanvel162,velanvel12@abcd.com,173
1262,velanvel163,velanvel12@abcd.com,174
1263,velanvel164,velanvel12@abcd.com,175
1264,velanvel165,velanvel12@abcd.com,176
1265,velanvel166,velanvel12@abcd.com,177
1266,velanvel167,velanvel12@abcd.com,178
1267,velanvel168,velanvel12@abcd.com,179
1268,velanvel169,velanvel12@abcd.com,180
1269,velanvel170,velanvel12@abcd.com,181
1270,velanvel171,velanvel12@abcd.com,182
1271,velanvel172,velanvel12@abcd.com,183
1272,velanvel173,velanvel12@abcd.com,184
1273,velanvel174,velanvel12@abcd.com,185
1274,velanvel175,velanvel12@abcd.com,186
1275,velanvel176,velanvel12@abcd.com,187
1276,velanvel177,velanvel12@abcd.com,188
1277,velanvel178,velanvel12@abcd.com,189
1278,velanvel179,velanvel12@abcd.com,190
1279,velanvel180,velanvel12@abcd.com,191
1280,velanvel181,velanvel12@abcd.com,192
1281,velanvel182,velanvel12@abcd.com,193
1282,velanvel183,velanvel12@abcd.com,194
1283,velanvel184,velanvel12@abcd.com,195
1284,velanvel185,velanvel12@abcd.com,196
1285,velanvel186,velanvel12@abcd.com,197
1286,velanvel187,velanvel12@abcd.com,198
1287,velanvel188,velanvel12@abcd.com,199
1288,velanvel189,velanvel12@abcd.com,200
1289,velanvel190,velanvel12@abcd.com,201
1290,velanvel191,velanvel12@abcd.com,202
1291,velanvel192,velanvel12@abcd.com,203
1292,velanvel193,velanvel12@abcd.com,204
1293,velanvel194,velanvel12@abcd.com,205
1294,velanvel195,velanvel12@abcd.com,206
1295,velanvel196,velanvel12@abcd.com,207
1296,velanvel197,velanvel12@abcd.com,208
1297,velanvel198,velanvel12@abcd.com,209
1298,velanvel199,velanvel12@abcd.com,210
1299,velanvel200,velanvel12@abcd.com,211
1300,velanvel201,velanvel12@abcd.com,212
1301,velanvel202,velanvel12@abcd.com,213
1302,velanvel203,velanvel12@abcd.com,214
1303,velanvel204,velanvel12@abcd.com,215
1304,velanvel205,velanvel12@abcd.com,216
1305,velanvel206,velanvel12@abcd.com,217
1306,velanvel207,velanvel12@abcd.com,218
1307,velanvel208,velanvel12@abcd.com,219
1308,velanvel209,velanvel12@abcd.com,220
1309,velanvel210,velanvel12@abcd.com,221
1310,velanvel211,velanvel12@abcd.com,222
1311,velanvel212,velanvel12@abcd.com,223
1312,velanvel213,velanvel12@abcd.com,224
1313,velanvel214,velanvel12@abcd.com,225
1314,velanvel215,velanvel12@abcd.com,226
1315,velanvel216,velanvel12@abcd.com,227
1316,velanvel217,velanvel12@abcd.com,228
1317,velanvel218,velanvel12@abcd.com,229
1318,velanvel219,velanvel12@abcd.com,230
1319,velanvel220,velanvel12@abcd.com,231
1320,velanvel221,velanvel12@abcd.com,232
1321,velanvel222,velanvel12@abcd.com,233
1322,velanvel223,velanvel12@abcd.com,234
1323,velanvel224,velanvel12@abcd.com,235
1324,velanvel225,velanvel12@abcd.com,236
1325,velanvel226,velanvel12@abcd.com,237
1326,velanvel227,velanvel12@abcd.com,238
1327,velanvel228,velanvel12@abcd.com,239
1328,velanvel229,velanvel12@abcd.com,240
1329,velanvel230,velanvel12@abcd.com,241
1330,velanvel231,velanvel12@abcd.com,242
1331,velanvel232,velanvel12@abcd.com,243
1332,velanvel233,velanvel12@abcd.com,244
1333,velanvel234,velanvel12@abcd.com,245
1334,velanvel235,velanvel12@abcd.com,246
1335,velanvel236,velanvel12@abcd.com,247
1336,velanvel237,velanvel12@abcd.com,248
1337,velanvel238,velanvel12@abcd.com,249
1338,velanvel239,velanvel12@abcd.com,250
1339,velanvel240,velanvel12@abcd.com,251
1340,velanvel241,velanvel12@abcd.com,252
1341,velanvel242,velanvel12@abcd.com,253
1342,velanvel243,velanvel12@abcd.com,254
1343,velanvel244,velanvel12@abcd.com,255
1344,velanvel245,velanvel12@abcd.com,256
1345,velanvel246,velanvel12@abcd.com,257
1346,velanvel247,velanvel12@abcd.com,258
1347,velanvel248,velanvel12@abcd.com,259
1348,velanvel249,velanvel12@abcd.com,260
1349,velanvel250,velanvel12@abcd.com,261
1350,velanvel251,velanvel12@abcd.com,262
1351,velanvel252,velanvel12@abcd.com,263
1352,velanvel253,velanvel12@abcd.com,264
1353,velanvel254,velanvel12@abcd.com,265
1354,velanvel255,velanvel12@abcd.com,266
1355,velanvel256,velanvel12@abcd.com,267
1356,velanvel257,velanvel12@abcd.com,268
1357,velanvel258,velanvel12@abcd.com,269
1358,velanvel259,velanvel12@abcd.com,270
1359,velanvel260,velanvel12@abcd.com,271
1360,velanvel261,velanvel12@abcd.com,272
1361,velanvel262,velanvel12@abcd.com,273
1362,velanvel263,velanvel12@abcd.com,274
1363,velanvel264,velanvel12@abcd.com,275
1364,velanvel265,velanvel12@abcd.com,276
1365,velanvel266,velanvel12@abcd.com,277
1366,velanvel267,velanvel12@abcd.com,278
1367,velanvel268,velanvel12@abcd.com,279
1368,velanvel269,velanvel12@abcd.com,280
1369,velanvel270,velanvel12@abcd.com,281
1370,velanvel271,velanvel12@abcd.com,282
1371,velanvel272,velanvel12@abcd.com,283
1372,velanvel273,velanvel12@abcd.com,284
1373,velanvel274,velanvel12@abcd.com,285
1374,velanvel275,velanvel12@abcd.com,286
1375,velanvel276,velanvel12@abcd.com,287
1376,velanvel277,velanvel12@abcd.com,288
1377,velanvel278,velanvel12@abcd.com,289
1378,velanvel279,velanvel12@abcd.com,290
1379,velanvel280,velanvel12@abcd.com,291
1380,velanvel281,velanvel12@abcd.com,292
1381,velanvel282,velanvel12@abcd.com,293
1382,velanvel283,velanvel12@abcd.com,294
1383,velanvel284,velanvel12@abcd.com,295
1384,velanvel285,velanvel12@abcd.com,296
1385,velanvel286,velanvel12@abcd.com,297
1386,velanvel287,velanvel12@abcd.com,298
1387,velanvel288,velanvel12@abcd.com,299
1388,velanvel289,velanvel12@abcd.com,300
1389,velanvel290,velanvel12@abcd.com,301
1390,velanvel291,velanvel12@abcd.com,302
1391,velanvel292,velanvel12@abcd.com,303
1392,velanvel293,velanvel12@abcd.com,304
1393,velanvel294,velanvel12@abcd.com,305
1394,velanvel295,velanvel12@abcd.com,306
1395,velanvel296,velanvel12@abcd.com,307
1396,velanvel297,velanvel12@abcd.com,308
1397,velanvel298,velanvel12@abcd.com,309
1398,velanvel299,velanvel12@abcd.com,310
1399,velanvel300,velanvel12@abcd.com,311
1400,velanvel301,velanvel12@abcd.com,312
1401,velanvel302,velanvel12@abcd.com,313
1402,velanvel303,velanvel12@abcd.com,314
1403,velanvel304,velanvel12@abcd.com,315
1404,velanvel305,velanvel12@abcd.com,316
1405,velanvel306,velanvel12@abcd.com,317
1406,velanvel307,velanvel12@abcd.com,318
1407,velanvel308,velanvel12@abcd.com,319
1408,velanvel309,velanvel12@abcd.com,320
1409,velanvel310,velanvel12@abcd.com,321
1410,velanvel311,velanvel12@abcd.com,322
1411,velanvel312,velanvel12@abcd.com,323
1412,velanvel313,velanvel12@abcd.com,324
1413,velanvel314,velanvel12@abcd.com,325
1414,velanvel315,velanvel12@abcd.com,326
1415,velanvel316,velanvel12@abcd.com,327
1416,velanvel317,velanvel12@abcd.com,328
1417,velanvel318,velanvel12@abcd.com,329
1418,velanvel319,velanvel12@abcd.com,330
1419,velanvel320,velanvel12@abcd.com,331
1420,velanvel321,velanvel12@abcd.com,332
1421,velanvel322,velanvel12@abcd.com,333
1422,velanvel323,velanvel12@abcd.com,334
1423,velanvel324,velanvel12@abcd.com,335
1424,velanvel325,velanvel12@abcd.com,336
1425,velanvel326,velanvel12@abcd.com,337
1426,velanvel327,velanvel12@abcd.com,338
1427,velanvel328,velanvel12@abcd.com,339
1428,velanvel329,velanvel12@abcd.com,340
1429,velanvel330,velanvel12@abcd.com,341
1430,velanvel331,velanvel12@abcd.com,342
1431,velanvel332,velanvel12@abcd.com,343
1432,velanvel333,velanvel12@abcd.com,344
1433,velanvel334,velanvel12@abcd.com,345
1434,velanvel335,velanvel12@abcd.com,346
1435,velanvel336,velanvel12@abcd.com,347
1436,velanvel337,velanvel12@abcd.com,348
1437,velanvel338,velanvel12@abcd.com,349
1438,velanvel339,velanvel12@abcd.com,350
1439,velanvel340,velanvel12@abcd.com,351
1440,velanvel341,velanvel12@abcd.com,352
1441,velanvel342,velanvel12@abcd.com,353
1442,velanvel343,velanvel12@abcd.com,354
1443,velanvel344,velanvel12@abcd.com,355
1444,velanvel345,velanvel12@abcd.com,356
1445,velanvel346,velanvel12@abcd.com,357
1446,velanvel347,velanvel12@abcd.com,358
1447,velanvel348,velanvel12@abcd.com,359
1448,velanvel349,velanvel12@abcd.com,360
1449,velanvel350,velanvel12@abcd.com,361
1450,velanvel351,velanvel12@abcd.com,362
1451,velanvel352,velanvel12@abcd.com,363
1452,velanvel353,velanvel12@abcd.com,364
1453,velanvel354,velanvel12@abcd.com,365
1454,velanvel355,velanvel12@abcd.com,366
1455,velanvel356,velanvel12@abcd.com,367
1456,velanvel357,velanvel12@abcd.com,368
1457,velanvel358,velanvel12@abcd.com,369
1458,velanvel359,velanvel12@abcd.com,370
1459,velanvel360,velanvel12@abcd.com,371
1460,velanvel361,velanvel12@abcd.com,372
1461,velanvel362,velanvel12@abcd.com,373
1462,velanvel363,velanvel12@abcd.com,374
1463,velanvel364,velanvel12@abcd.com,375
1464,velanvel365,velanvel12@abcd.com,376
1465,velanvel366,velanvel12@abcd.com,377
1466,velanvel367,velanvel12@abcd.com,378
1467,velanvel368,velanvel12@abcd.com,379
1468,velanvel369,velanvel12@abcd.com,380
1469,velanvel370,velanvel12@abcd.com,381
1470,velanvel371,velanvel12@abcd.com,382
1471,velanvel372,velanvel12@abcd.com,383
1472,velanvel373,velanvel12@abcd.com,384
1473,velanvel374,velanvel12@abcd.com,385
1474,velanvel375,velanvel12@abcd.com,386
1475,velanvel376,velanvel12@abcd.com,387
1476,velanvel377,velanvel12@abcd.com,388
1477,velanvel378,velanvel12@abcd.com,389
1478,velanvel379,velanvel12@abcd.com,390
1479,velanvel380,velanvel12@abcd.com,391
1480,velanvel381,velanvel12@abcd.com,392
1481,velanvel382,velanvel12@abcd.com,393
1482,velanvel383,velanvel12@abcd.com,394
1483,velanvel384,velanvel12@abcd.com,395
1484,velanvel385,velanvel12@abcd.com,396
1485,velanvel386,velanvel12@abcd.com,397
1486,velanvel387,velanvel12@abcd.com,398
1487,velanvel388,velanvel12@abcd.com,399
1488,velanvel389,velanvel12@abcd.com,400
1489,velanvel390,velanvel12@abcd.com,401
1490,velanvel391,velanvel12@abcd.com,402
1491,velanvel392,velanvel12@abcd.com,403
1492,velanvel393,velanvel12@abcd.com,404
1493,velanvel394,velanvel12@abcd.com,405
1494,velanvel395,velanvel12@abcd.com,406
1495,velanvel396,velanvel12@abcd.com,407
1496,velanvel397,velanvel12@abcd.com,408
1497,velanvel398,velanvel12@abcd.com,409
1498,velanvel399,velanvel12@abcd.com,410
1499,velanvel400,velanvel12@abcd.com,411
1500,velanvel401,velanvel12@abcd.com,412
1501,velanvel402,velanvel12@abcd.com,413
1502,velanvel403,velanvel12@abcd.com,414
1503,velanvel404,velanvel12@abcd.com,415
1504,velanvel405,velanvel12@abcd.com,416
1505,velanvel406,velanvel12@abcd.com,417
1506,velanvel407,velanvel12@abcd.com,418
1507,velanvel408,velanvel12@abcd.com,419
1508,velanvel409,velanvel12@abcd.com,420
1509,velanvel410,velanvel12@abcd.com,421
1510,velanvel411,velanvel12@abcd.com,422
1511,velanvel412,velanvel12@abcd.com,423
1512,velanvel413,velanvel12@abcd.com,424
1513,velanvel414,velanvel12@abcd.com,425
1514,velanvel415,velanvel12@abcd.com,426
1515,velanvel416,velanvel12@abcd.com,427
1516,velanvel417,velanvel12@abcd.com,428
1517,velanvel418,velanvel12@abcd.com,429
1518,velanvel419,velanvel12@abcd.com,430
1519,velanvel420,velanvel12@abcd.com,431
1520,velanvel421,velanvel12@abcd.com,432
1521,velanvel422,velanvel12@abcd.com,433
1522,velanvel423,velanvel12@abcd.com,434
1523,velanvel424,velanvel12@abcd.com,435
1524,velanvel425,velanvel12@abcd.com,436
1525,velanvel426,velanvel12@abcd.com,437
1526,velanvel427,velanvel12@abcd.com,438
1527,velanvel428,velanvel12@abcd.com,439
1528,velanvel429,velanvel12@abcd.com,440
1529,velanvel430,velanvel12@abcd.com,441
1530,velanvel431,velanvel12@abcd.com,442
1531,velanvel432,velanvel12@abcd.com,443
1532,velanvel433,velanvel12@abcd.com,444
1533,velanvel434,velanvel12@abcd.com,445
1534,velanvel435,velanvel12@abcd.com,446
1535,velanvel436,velanvel12@abcd.com,447
1536,velanvel437,velanvel12@abcd.com,448
1537,velanvel438,velanvel12@abcd.com,449
1538,velanvel439,velanvel12@abcd.com,450
1539,velanvel440,velanvel12@abcd.com,451
1540,velanvel441,velanvel12@abcd.com,452
1541,velanvel442,velanvel12@abcd.com,453
1542,velanvel443,velanvel12@abcd.com,454
1543,velanvel444,velanvel12@abcd.com,455
1544,velanvel445,velanvel12@abcd.com,456
1545,velanvel446,velanvel12@abcd.com,457
1546,velanvel447,velanvel12@abcd.com,458
1547,velanvel448,velanvel12@abcd.com,459
1548,velanvel449,velanvel12@abcd.com,460
1549,velanvel450,velanvel12@abcd.com,461
1550,velanvel451,velanvel12@abcd.com,462
1551,velanvel452,velanvel12@abcd.com,463
1552,velanvel453,velanvel12@abcd.com,464
1553,velanvel454,velanvel12@abcd.com,465
1554,velanvel455,velanvel12@abcd.com,466
1555,velanvel456,velanvel12@abcd.com,467
1556,velanvel457,velanvel12@abcd.com,468
1557,velanvel458,velanvel12@abcd.com,469
1558,velanvel459,velanvel12@abcd.com,470
1559,velanvel460,velanvel12@abcd.com,471
1560,velanvel461,velanvel12@abcd.com,472
1561,velanvel462,velanvel12@abcd.com,473
1562,velanvel463,velanvel12@abcd.com,474
1563,velanvel464,velanvel12@abcd.com,475
1564,velanvel465,velanvel12@abcd.com,476
1565,velanvel466,velanvel12@abcd.com,477
1566,velanvel467,velanvel12@abcd.com,478
1567,velanvel468,velanvel12@abcd.com,479
1568,velanvel469,velanvel12@abcd.com,480
1569,velanvel470,velanvel12@abcd.com,481
1570,velanvel471,velanvel12@abcd.com,482
1571,velanvel472,velanvel12@abcd.com,483
1572,velanvel473,velanvel12@abcd.com,484
1573,velanvel474,velanvel12@abcd.com,485
1574,velanvel475,velanvel12@abcd.com,486
1575,velanvel476,velanvel12@abcd.com,487
1576,velanvel477,velanvel12@abcd.com,488
1577,velanvel478,velanvel12@abcd.com,489
1578,velanvel479,velanvel12@abcd.com,490
1579,velanvel480,velanvel12@abcd.com,491
1580,velanvel481,velanvel12@abcd.com,492
1581,velanvel482,velanvel12@abcd.com,493
1582,velanvel483,velanvel12@abcd.com,494
1583,velanvel484,velanvel12@abcd.com,495
1584,velanvel485,velanvel12@abcd.com,496
1585,velanvel486,velanvel12@abcd.com,497
1586,velanvel487,velanvel12@abcd.com,498
1587,velanvel488,velanvel12@abcd.com,499
1588,velanvel489,velanvel12@abcd.com,500
1589,velanvel490,velanvel12@abcd.com,501
1590,velanvel491,velanvel12@abcd.com,502
1591,velanvel492,velanvel12@abcd.com,503
1592,velanvel493,velanvel12@abcd.com,504
1593,velanvel494,velanvel12@abcd.com,505
1594,velanvel495,velanvel12@abcd.com,506
1595,velanvel496,velanvel12@abcd.com,507
1596,velanvel497,velanvel12@abcd.com,508
1597,velanvel498,velanvel12@abcd.com,509
1598,velanvel499,velanvel12@abcd.com,510
1599,velanvel500,velanvel12@abcd.com,511
1600,velanvel501,velanvel12@abcd.com,512
1601,velanvel502,velanvel12@abcd.com,513
1602,velanvel503,velanvel12@abcd.com,514
1603,velanvel504,velanvel12@abcd.com,515
1604,velanvel505,velanvel12@abcd.com,516
1605,velanvel506,velanvel12@abcd.com,517
1606,velanvel507,velanvel12@abcd.com,518
1607,velanvel508,velanvel12@abcd.com,519
1608,velanvel509,velanvel12@abcd.com,520
1609,velanvel510,velanvel12@abcd.com,521
1610,velanvel511,velanvel12@abcd.com,522
1611,velanvel512,velanvel12@abcd.com,523
1612,velanvel513,velanvel12@abcd.com,524
1613,velanvel514,velanvel12@abcd.com,525
1614,velanvel515,velanvel12@abcd.com,526
1615,velanvel516,velanvel12@abcd.com,527
1616,velanvel517,velanvel12@abcd.com,528
1617,velanvel518,velanvel12@abcd.com,529
1618,velanvel519,velanvel12@abcd.com,530
1619,velanvel520,velanvel12@abcd.com,531
1620,velanvel521,velanvel12@abcd.com,532
1621,velanvel522,velanvel12@abcd.com,533
1622,velanvel523,velanvel12@abcd.com,534
1623,velanvel524,velanvel12@abcd.com,535
1624,velanvel525,velanvel12@abcd.com,536
1625,velanvel526,velanvel12@abcd.com,537
1626,velanvel527,velanvel12@abcd.com,538
1627,velanvel528,velanvel12@abcd.com,539
1628,velanvel529,velanvel12@abcd.com,540
1629,velanvel530,velanvel12@abcd.com,541
1630,velanvel531,velanvel12@abcd.com,542
1631,velanvel532,velanvel12@abcd.com,543
1632,velanvel533,velanvel12@abcd.com,544
1633,velanvel534,velanvel12@abcd.com,545
1634,velanvel535,velanvel12@abcd.com,546
1635,velanvel536,velanvel12@abcd.com,547
1636,velanvel537,velanvel12@abcd.com,548
1637,velanvel538,velanvel12@abcd.com,549
1638,velanvel539,velanvel12@abcd.com,550
1639,velanvel540,velanvel12@abcd.com,551
1640,velanvel541,velanvel12@abcd.com,552
1641,velanvel542,velanvel12@abcd.com,553
1642,velanvel543,velanvel12@abcd.com,554
1643,velanvel544,velanvel12@abcd.com,555
1644,velanvel545,velanvel12@abcd.com,556
1645,velanvel546,velanvel12@abcd.com,557
1646,velanvel547,velanvel12@abcd.com,558
1647,velanvel548,velanvel12@abcd.com,559
1648,velanvel549,velanvel12@abcd.com,560
1649,velanvel550,velanvel12@abcd.com,561
1650,velanvel551,velanvel12@abcd.com,562
1651,velanvel552,velanvel12@abcd.com,563
1652,velanvel553,velanvel12@abcd.com,564
1653,velanvel554,velanvel12@abcd.com,565
1654,velanvel555,velanvel12@abcd.com,566
1655,velanvel556,velanvel12@abcd.com,567
1656,velanvel557,velanvel12@abcd.com,568
1657,velanvel558,velanvel12@abcd.com,569
1658,velanvel559,velanvel12@abcd.com,570
1659,velanvel560,velanvel12@abcd.com,571
1660,velanvel561,velanvel12@abcd.com,572
1661,velanvel562,velanvel12@abcd.com,573
1662,velanvel563,velanvel12@abcd.com,574
1663,velanvel564,velanvel12@abcd.com,575
1664,velanvel565,velanvel12@abcd.com,576
1665,velanvel566,velanvel12@abcd.com,577
1666,velanvel567,velanvel12@abcd.com,578
1667,velanvel568,velanvel12@abcd.com,579
1668,velanvel569,velanvel12@abcd.com,580
1669,velanvel570,velanvel12@abcd.com,581
1670,velanvel571,velanvel12@abcd.com,582
1671,velanvel572,velanvel12@abcd.com,583
1672,velanvel573,velanvel12@abcd.com,584
1673,velanvel574,velanvel12@abcd.com,585
1674,velanvel575,velanvel12@abcd.com,586
1675,velanvel576,velanvel12@abcd.com,587
1676,velanvel577,velanvel12@abcd.com,588
1677,velanvel578,velanvel12@abcd.com,589
1678,velanvel579,velanvel12@abcd.com,590
1679,velanvel580,velanvel12@abcd.com,591
1680,velanvel581,velanvel12@abcd.com,592
1681,velanvel582,velanvel12@abcd.com,593
1682,velanvel583,velanvel12@abcd.com,594
1683,velanvel584,velanvel12@abcd.com,595
1684,velanvel585,velanvel12@abcd.com,596
1685,velanvel586,velanvel12@abcd.com,597
1686,velanvel587,velanvel12@abcd.com,598
1687,velanvel588,velanvel12@abcd.com,599
1688,velanvel589,velanvel12@abcd.com,600
1689,velanvel590,velanvel12@abcd.com,601
1690,velanvel591,velanvel12@abcd.com,602
1691,velanvel592,velanvel12@abcd.com,603
1692,velanvel593,velanvel12@abcd.com,604
1693,velanvel594,velanvel12@abcd.com,605
1694,velanvel595,velanvel12@abcd.com,606
1695,velanvel596,velanvel12@abcd.com,607
1696,velanvel597,velanvel12@abcd.com,608
1697,velanvel598,velanvel12@abcd.com,609
1698,velanvel599,velanvel12@abcd.com,610
1699,velanvel600,velanvel12@abcd.com,611
1700,velanvel601,velanvel12@abcd.com,612
1701,velanvel602,velanvel12@abcd.com,613
1702,velanvel603,velanvel12@abcd.com,614
1703,velanvel604,velanvel12@abcd.com,615
1704,velanvel605,velanvel12@abcd.com,616
1705,velanvel606,velanvel12@abcd.com,617
1706,velanvel607,velanvel12@abcd.com,618
1707,velanvel608,velanvel12@abcd.com,619
1708,velanvel609,velanvel12@abcd.com,620
1709,velanvel610,velanvel12@abcd.com,621
1710,velanvel611,velanvel12@abcd.com,622
1711,velanvel612,velanvel12@abcd.com,623
1712,velanvel613,velanvel12@abcd.com,624
1713,velanvel614,velanvel12@abcd.com,625
1714,velanvel615,velanvel12@abcd.com,626
1715,velanvel616,velanvel12@abcd.com,627
1716,velanvel617,velanvel12@abcd.com,628
1717,velanvel618,velanvel12@abcd.com,629
1718,velanvel619,velanvel12@abcd.com,630
1719,velanvel620,velanvel12@abcd.com,631
1720,velanvel621,velanvel12@abcd.com,632
1721,velanvel622,velanvel12@abcd.com,633
1722,velanvel623,velanvel12@abcd.com,634
1723,velanvel624,velanvel12@abcd.com,635
1724,velanvel625,velanvel12@abcd.com,636
1725,velanvel626,velanvel12@abcd.com,637
1726,velanvel627,velanvel12@abcd.com,638
1727,velanvel628,velanvel12@abcd.com,639
1728,velanvel629,velanvel12@abcd.com,640
1729,velanvel630,velanvel12@abcd.com,641
1730,velanvel631,velanvel12@abcd.com,642
1731,velanvel632,velanvel12@abcd.com,643
1732,velanvel633,velanvel12@abcd.com,644
1733,velanvel634,velanvel12@abcd.com,645
1734,velanvel635,velanvel12@abcd.com,646
1735,velanvel636,velanvel12@abcd.com,647
1736,velanvel637,velanvel12@abcd.com,648
1737,velanvel638,velanvel12@abcd.com,649
1738,velanvel639,velanvel12@abcd.com,650
1739,velanvel640,velanvel12@abcd.com,651
1740,velanvel641,velanvel12@abcd.com,652
1741,velanvel642,velanvel12@abcd.com,653
1742,velanvel643,velanvel12@abcd.com,654
1743,velanvel644,velanvel12@abcd.com,655
1744,velanvel645,velanvel12@abcd.com,656
1745,velanvel646,velanvel12@abcd.com,657
1746,velanvel647,velanvel12@abcd.com,658
1747,velanvel648,velanvel12@abcd.com,659
1748,velanvel649,velanvel12@abcd.com,660
1749,velanvel650,velanvel12@abcd.com,661
1750,velanvel651,velanvel12@abcd.com,662
1751,velanvel652,velanvel12@abcd.com,663
1752,velanvel653,velanvel12@abcd.com,664
1753,velanvel654,velanvel12@abcd.com,665
1754,velanvel655,velanvel12@abcd.com,666
1755,velanvel656,velanvel12@abcd.com,667
1756,velanvel657,velanvel12@abcd.com,668
1757,velanvel658,velanvel12@abcd.com,669
1758,velanvel659,velanvel12@abcd.com,670
1759,velanvel660,velanvel12@abcd.com,671
1760,velanvel661,velanvel12@abcd.com,672
1761,velanvel662,velanvel12@abcd.com,673
1762,velanvel663,velanvel12@abcd.com,674
1763,velanvel664,velanvel12@abcd.com,675
1764,velanvel665,velanvel12@abcd.com,676
1765,velanvel666,velanvel12@abcd.com,677
1766,velanvel667,velanvel12@abcd.com,678
1767,velanvel668,velanvel12@abcd.com,679
1768,velanvel669,velanvel12@abcd.com,680
1769,velanvel670,velanvel12@abcd.com,681
1770,velanvel671,velanvel12@abcd.com,682
1771,velanvel672,velanvel12@abcd.com,683
1772,velanvel673,velanvel12@abcd.com,684
1773,velanvel674,velanvel12@abcd.com,685
1774,velanvel675,velanvel12@abcd.com,686
1775,velanvel676,velanvel12@abcd.com,687
1776,velanvel677,velanvel12@abcd.com,688
1777,velanvel678,velanvel12@abcd.com,689
1778,velanvel679,velanvel12@abcd.com,690
1779,velanvel680,velanvel12@abcd.com,691
1780,velanvel681,velanvel12@abcd.com,692
1781,velanvel682,velanvel12@abcd.com,693
1782,velanvel683,velanvel12@abcd.com,694
1783,velanvel684,velanvel12@abcd.com,695
1784,velanvel685,velanvel12@abcd.com,696
1785,velanvel686,velanvel12@abcd.com,697
1786,velanvel687,velanvel12@abcd.com,698
1787,velanvel688,velanvel12@abcd.com,699
1788,velanvel689,velanvel12@abcd.com,700
1789,velanvel690,velanvel12@abcd.com,701
1790,velanvel691,velanvel12@abcd.com,702
1791,velanvel692,velanvel12@abcd.com,703
1792,velanvel693,velanvel12@abcd.com,704
1793,velanvel694,velanvel12@abcd.com,705
1794,velanvel695,velanvel12@abcd.com,706
1795,velanvel696,velanvel12@abcd.com,707
1796,velanvel697,velanvel12@abcd.com,708
1797,velanvel698,velanvel12@abcd.com,709
1798,velanvel699,velanvel12@abcd.com,710
1799,velanvel700,velanvel12@abcd.com,711
1800,velanvel701,velanvel12@abcd.com,712
1801,velanvel702,velanvel12@abcd.com,713
1802,velanvel703,velanvel12@abcd.com,714
1803,velanvel704,velanvel12@abcd.com,715
1804,velanvel705,velanvel12@abcd.com,716
1805,velanvel706,velanvel12@abcd.com,717
1806,velanvel707,velanvel12@abcd.com,718
1807,velanvel708,velanvel12@abcd.com,719
1808,velanvel709,velanvel12@abcd.com,720
1809,velanvel710,velanvel12@abcd.com,721
1810,velanvel711,velanvel12@abcd.com,722
1811,velanvel712,velanvel12@abcd.com,723
1812,velanvel713,velanvel12@abcd.com,724
1813,velanvel714,velanvel12@abcd.com,725
1814,velanvel715,velanvel12@abcd.com,726
1815,velanvel716,velanvel12@abcd.com,727
1816,velanvel717,velanvel12@abcd.com,728
1817,velanvel718,velanvel12@abcd.com,729
1818,velanvel719,velanvel12@abcd.com,730
1819,velanvel720,velanvel12@abcd.com,731
1820,velanvel721,velanvel12@abcd.com,732
1821,velanvel722,velanvel12@abcd.com,733
1822,velanvel723,velanvel12@abcd.com,734
1823,velanvel724,velanvel12@abcd.com,735
1824,velanvel725,velanvel12@abcd.com,736
1825,velanvel726,velanvel12@abcd.com,737
1826,velanvel727,velanvel12@abcd.com,738
1827,velanvel728,velanvel12@abcd.com,739
1828,velanvel729,velanvel12@abcd.com,740
1829,velanvel730,velanvel12@abcd.com,741
1830,velanvel731,velanvel12@abcd.com,742
1831,velanvel732,velanvel12@abcd.com,743
1832,velanvel733,velanvel12@abcd.com,744
1833,velanvel734,velanvel12@abcd.com,745
1834,velanvel735,velanvel12@abcd.com,746
1835,velanvel736,velanvel12@abcd.com,747
1836,velanvel737,velanvel12@abcd.com,748
1837,velanvel738,velanvel12@abcd.com,749
1838,velanvel739,velanvel12@abcd.com,750
1839,velanvel740,velanvel12@abcd.com,751
1840,velanvel741,velanvel12@abcd.com,752
1841,velanvel742,velanvel12@abcd.com,753
1842,velanvel743,velanvel12@abcd.com,754
1843,velanvel744,velanvel12@abcd.com,755
1844,velanvel745,velanvel12@abcd.com,756
1845,velanvel746,velanvel12@abcd.com,757
1846,velanvel747,velanvel12@abcd.com,758
1847,velanvel748,velanvel12@abcd.com,759
1848,velanvel749,velanvel12@abcd.com,760
1849,velanvel750,velanvel12@abcd.com,761
1850,velanvel751,velanvel12@abcd.com,762
1851,velanvel752,velanvel12@abcd.com,763
1852,velanvel753,velanvel12@abcd.com,764
1853,velanvel754,velanvel12@abcd.com,765
1854,velanvel755,velanvel12@abcd.com,766
1855,velanvel756,velanvel12@abcd.com,767
1856,velanvel757,velanvel12@abcd.com,768
1857,velanvel758,velanvel12@abcd.com,769
1858,velanvel759,velanvel12@abcd.com,770
1859,velanvel760,velanvel12@abcd.com,771
1860,velanvel761,velanvel12@abcd.com,772
1861,velanvel762,velanvel12@abcd.com,773
1862,velanvel763,velanvel12@abcd.com,774
1863,velanvel764,velanvel12@abcd.com,775
1864,velanvel765,velanvel12@abcd.com,776
1865,velanvel766,velanvel12@abcd.com,777
1866,velanvel767,velanvel12@abcd.com,778
1867,velanvel768,velanvel12@abcd.com,779
1868,velanvel769,velanvel12@abcd.com,780
1869,velanvel770,velanvel12@abcd.com,781
1870,velanvel771,velanvel12@abcd.com,782
1871,velanvel772,velanvel12@abcd.com,783
1872,velanvel773,velanvel12@abcd.com,784
1873,velanvel774,velanvel12@abcd.com,785
1874,velanvel775,velanvel12@abcd.com,786
1875,velanvel776,velanvel12@abcd.com,787
1876,velanvel777,velanvel12@abcd.com,788
1877,velanvel778,velanvel12@abcd.com,789
1878,velanvel779,velanvel12@abcd.com,790
1879,velanvel780,velanvel12@abcd.com,791
1880,velanvel781,velanvel12@abcd.com,792
1881,velanvel782,velanvel12@abcd.com,793
1882,velanvel783,velanvel12@abcd.com,794
1883,velanvel784,velanvel12@abcd.com,795
1884,velanvel785,velanvel12@abcd.com,796
1885,velanvel786,velanvel12@abcd.com,797
1886,velanvel787,velanvel12@abcd.com,798
1887,velanvel788,velanvel12@abcd.com,799
1888,velanvel789,velanvel12@abcd.com,800
1889,velanvel790,velanvel12@abcd.com,801
1890,velanvel791,velanvel12@abcd.com,802
1891,velanvel792,velanvel12@abcd.com,803
1892,velanvel793,velanvel12@abcd.com,804
1893,velanvel794,velanvel12@abcd.com,805
1894,velanvel795,velanvel12@abcd.com,806
1895,velanvel796,velanvel12@abcd.com,807
1896,velanvel797,velanvel12@abcd.com,808
1897,velanvel798,velanvel12@abcd.com,809
1898,velanvel799,velanvel12@abcd.com,810
1899,velanvel800,velanvel12@abcd.com,811
1900,velanvel801,velanvel12@abcd.com,812
1901,velanvel802,velanvel12@abcd.com,813
1902,velanvel803,velanvel12@abcd.com,814
1903,velanvel804,velanvel12@abcd.com,815
1904,velanvel805,velanvel12@abcd.com,816
1905,velanvel806,velanvel12@abcd.com,817
1906,velanvel807,velanvel12@abcd.com,818
1907,velanvel808,velanvel12@abcd.com,819
1908,velanvel809,velanvel12@abcd.com,820
1909,velanvel810,velanvel12@abcd.com,821
1910,velanvel811,velanvel12@abcd.com,822
1911,velanvel812,velanvel12@abcd.com,823
1912,velanvel813,velanvel12@abcd.com,824
1913,velanvel814,velanvel12@abcd.com,825
1914,velanvel815,velanvel12@abcd.com,826
1915,velanvel816,velanvel12@abcd.com,827
1916,velanvel817,velanvel12@abcd.com,828
1917,velanvel818,velanvel12@abcd.com,829
1918,velanvel819,velanvel12@abcd.com,830
1919,velanvel820,velanvel12@abcd.com,831
1920,velanvel821,velanvel12@abcd.com,832
1921,velanvel822,velanvel12@abcd.com,833
1922,velanvel823,velanvel12@abcd.com,834
1923,velanvel824,velanvel12@abcd.com,835
1924,velanvel825,velanvel12@abcd.com,836
1925,velanvel826,velanvel12@abcd.com,837
1926,velanvel827,velanvel12@abcd.com,838
1927,velanvel828,velanvel12@abcd.com,839
1928,velanvel829,velanvel12@abcd.com,840
1929,velanvel830,velanvel12@abcd.com,841
1930,velanvel831,velanvel12@abcd.com,842
1931,velanvel832,velanvel12@abcd.com,843
1932,velanvel833,velanvel12@abcd.com,844
1933,velanvel834,velanvel12@abcd.com,845
1934,velanvel835,velanvel12@abcd.com,846
1935,velanvel836,velanvel12@abcd.com,847
1936,velanvel837,velanvel12@abcd.com,848
1937,velanvel838,velanvel12@abcd.com,849
1938,velanvel839,velanvel12@abcd.com,850
1939,velanvel840,velanvel12@abcd.com,851
1940,velanvel841,velanvel12@abcd.com,852
1941,velanvel842,velanvel12@abcd.com,853
1942,velanvel843,velanvel12@abcd.com,854
1943,velanvel844,velanvel12@abcd.com,855
1944,velanvel845,velanvel12@abcd.com,856
1945,velanvel846,velanvel12@abcd.com,857
1946,velanvel847,velanvel12@abcd.com,858
1947,velanvel848,velanvel12@abcd.com,859
1948,velanvel849,velanvel12@abcd.com,860
1949,velanvel850,velanvel12@abcd.com,861
1950,velanvel851,velanvel12@abcd.com,862
1951,velanvel852,velanvel12@abcd.com,863
1952,velanvel853,velanvel12@abcd.com,864
1953,velanvel854,velanvel12@abcd.com,865
1954,velanvel855,velanvel12@abcd.com,866
1955,velanvel856,velanvel12@abcd.com,867
1956,velanvel857,velanvel12@abcd.com,868
1957,velanvel858,velanvel12@abcd.com,869
1958,velanvel859,velanvel12@abcd.com,870
1959,velanvel860,velanvel12@abcd.com,871
1960,velanvel861,velanvel12@abcd.com,872
1961,velanvel862,velanvel12@abcd.com,873
1962,velanvel863,velanvel12@abcd.com,874
1963,velanvel864,velanvel12@abcd.com,875
1964,velanvel865,velanvel12@abcd.com,876
1965,velanvel866,velanvel12@abcd.com,877
1966,velanvel867,velanvel12@abcd.com,878
1967,velanvel868,velanvel12@abcd.com,879
1968,velanvel869,velanvel12@abcd.com,880
1969,velanvel870,velanvel12@abcd.com,881
1970,velanvel871,velanvel12@abcd.com,882
1971,velanvel872,velanvel12@abcd.com,883
1972,velanvel873,velanvel12@abcd.com,884
1973,velanvel874,velanvel12@abcd.com,885
1974,velanvel875,velanvel12@abcd.com,886
1975,velanvel876,velanvel12@abcd.com,887
1976,velanvel877,velanvel12@abcd.com,888
1977,velanvel878,velanvel12@abcd.com,889
1978,velanvel879,velanvel12@abcd.com,890
1979,velanvel880,velanvel12@abcd.com,891
1980,velanvel881,velanvel12@abcd.com,892
1981,velanvel882,velanvel12@abcd.com,893
1982,velanvel883,velanvel12@abcd.com,894
1983,velanvel884,velanvel12@abcd.com,895
1984,velanvel885,velanvel12@abcd.com,896
1985,velanvel886,velanvel12@abcd.com,897
1986,velanvel887,velanvel12@abcd.com,898
1987,velanvel888,velanvel12@abcd.com,899
1988,velanvel889,velanvel12@abcd.com,900
1989,velanvel890,velanvel12@abcd.com,901
1990,velanvel891,velanvel12@abcd.com,902
1991,velanvel892,velanvel12@abcd.com,903
1992,velanvel893,velanvel12@abcd.com,904
1993,velanvel894,velanvel12@abcd.com,905
1994,velanvel895,velanvel12@abcd.com,906
1995,velanvel896,velanvel12@abcd.com,907
1996,velanvel897,velanvel12@abcd.com,908
1997,velanvel898,velanvel12@abcd.com,909
1998,velanvel899,velanvel12@abcd.com,910
1999,velanvel900,velanvel12@abcd.com,911
2000,velanvel901,velanvel12@abcd.com,912
2001,velanvel902,velanvel12@abcd.com,913
2002,velanvel903,velanvel12@abcd.com,914
2003,velanvel904,velanvel12@abcd.com,915
2004,velanvel905,velanvel12@abcd.com,916
2005,velanvel906,velanvel12@abcd.com,917
2006,velanvel907,velanvel12@abcd.com,918
2007,velanvel908,velanvel12@abcd.com,919
2008,velanvel909,velanvel12@abcd.com,920
2009,velanvel910,velanvel12@abcd.com,921
2010,velanvel911,velanvel12@abcd.com,922
2011,velanvel912,velanvel12@abcd.com,923
2012,velanvel913,velanvel12@abcd.com,924
2013,velanvel914,velanvel12@abcd.com,925
2014,velanvel915,velanvel12@abcd.com,926
2015,velanvel916,velanvel12@abcd.com,927
2016,velanvel917,velanvel12@abcd.com,928
2017,velanvel918,velanvel12@abcd.com,929
2018,velanvel919,velanvel12@abcd.com,930
2019,velanvel920,velanvel12@abcd.com,931
2020,velanvel921,velanvel12@abcd.com,932
2021,velanvel922,velanvel12@abcd.com,933
2022,velanvel923,velanvel12@abcd.com,934
2023,velanvel924,velanvel12@abcd.com,935
2024,velanvel925,velanvel12@abcd.com,936
2025,velanvel926,velanvel12@abcd.com,937
2026,velanvel927,velanvel12@abcd.com,938
2027,velanvel928,velanvel12@abcd.com,939
2028,velanvel929,velanvel12@abcd.com,940
2029,velanvel930,velanvel12@abcd.com,941
2030,velanvel931,velanvel12@abcd.com,942
2031,velanvel932,velanvel12@abcd.com,943
2032,velanvel933,velanvel12@abcd.com,944
2033,velanvel934,velanvel12@abcd.com,945
2034,velanvel935,velanvel12@abcd.com,946
2035,velanvel936,velanvel12@abcd.com,947
2036,velanvel937,velanvel12@abcd.com,948
2037,velanvel938,velanvel12@abcd.com,949
2038,velanvel939,velanvel12@abcd.com,950
2039,velanvel940,velanvel12@abcd.com,951
2040,velanvel941,velanvel12@abcd.com,952
2041,velanvel942,velanvel12@abcd.com,953
2042,velanvel943,velanvel12@abcd.com,954
2043,velanvel944,velanvel12@abcd.com,955
2044,velanvel945,velanvel12@abcd.com,956
2045,velanvel946,velanvel12@abcd.com,957
2046,velanvel947,velanvel12@abcd.com,958
2047,velanvel948,velanvel12@abcd.com,959
2048,velanvel949,velanvel12@abcd.com,960
2049,velanvel950,velanvel12@abcd.com,961
2050,velanvel951,velanvel12@abcd.com,962
2051,velanvel952,velanvel12@abcd.com,963
2052,velanvel953,velanvel12@abcd.com,964
2053,velanvel954,velanvel12@abcd.com,965
2054,velanvel955,velanvel12@abcd.com,966
2055,velanvel956,velanvel12@abcd.com,967
2056,velanvel957,velanvel12@abcd.com,968
2057,velanvel958,velanvel12@abcd.com,969
2058,velanvel959,velanvel12@abcd.com,970
2059,velanvel960,velanvel12@abcd.com,971
2060,velanvel961,velanvel12@abcd.com,972
2061,velanvel962,velanvel12@abcd.com,973
2062,velanvel963,velanvel12@abcd.com,974
2063,velanvel964,velanvel12@abcd.com,975
2064,velanvel965,velanvel12@abcd.com,976
2065,velanvel966,velanvel12@abcd.com,977
2066,velanvel967,velanvel12@abcd.com,978
2067,velanvel968,velanvel12@abcd.com,979
2068,velanvel969,velanvel12@abcd.com,980
2069,velanvel970,velanvel12@abcd.com,981
2070,velanvel971,velanvel12@abcd.com,982
2071,velanvel972,velanvel12@abcd.com,983
2072,velanvel973,velanvel12@abcd.com,984
2073,velanvel974,velanvel12@abcd.com,985
2074,velanvel975,velanvel12@abcd.com,986
2075,velanvel976,velanvel12@abcd.com,987
2076,velanvel977,velanvel12@abcd.com,988
2077,velanvel978,velanvel12@abcd.com,989
2078,velanvel979,velanvel12@abcd.com,990
2079,velanvel980,velanvel12@abcd.com,991
2080,velanvel981,velanvel12@abcd.com,992
2081,velanvel982,velanvel12@abcd.com,993
2082,velanvel983,velanvel12@abcd.com,994
2083,velanvel984,velanvel12@abcd.com,995
2084,velanvel985,velanvel12@abcd.com,996
2085,velanvel986,velanvel12@abcd.com,997
2086,velanvel987,velanvel12@abcd.com,998
2087,velanvel988,velanvel12@abcd.com,999
2088,velanvel989,velanvel12@abcd.com,1000
2089,velanvel990,velanvel12@abcd.com,1001
2090,velanvel991,velanvel12@abcd.com,1002
2091,velanvel992,velanvel12@abcd.com,1003
2092,velanvel993,velanvel12@abcd.com,1004
2093,velanvel994,velanvel12@abcd.com,1005
2094,velanvel995,velanvel12@abcd.com,1006
2095,velanvel996,velanvel12@abcd.com,1007
2096,velanvel997,velanvel12@abcd.com,1008
2097,velanvel998,velanvel12@abcd.com,1009
2098,velanvel999,velanvel12@abcd.com,1010
2099,velanvel1000,velanvel12@abcd.com,1011
2100,velanvel1001,velanvel12@abcd.com,1012
2101,velanvel1002,velanvel12@abcd.com,1013
2102,velanvel1003,velanvel12@abcd.com,1014
2103,velanvel1004,velanvel12@abcd.com,1015
2104,velanvel1005,velanvel12@abcd.com,1016
2105,velanvel1006,velanvel12@abcd.com,1017
2106,velanvel1007,velanvel12@abcd.com,1018
2107,velanvel1008,velanvel12@abcd.com,1019
2108,velanvel1009,velanvel12@abcd.com,1020
2109,velanvel1010,velanvel12@abcd.com,1021
2110,velanvel1011,velanvel12@abcd.com,1022
2111,velanvel1012,velanvel12@abcd.com,1023
2112,velanvel1013,velanvel12@abcd.com,1024
2113,velanvel1014,velanvel12@abcd.com,1025
2114,velanvel1015,velanvel12@abcd.com,1026
2115,velanvel1016,velanvel12@abcd.com,1027
2116,velanvel1017,velanvel12@abcd.com,1028
2117,velanvel1018,velanvel12@abcd.com,1029
2118,velanvel1019,velanvel12@abcd.com,1030
2119,velanvel1020,velanvel12@abcd.com,1031
2120,velanvel1021,velanvel12@abcd.com,1032
2121,velanvel1022,velanvel12@abcd.com,1033
2122,velanvel1023,velanvel12@abcd.com,1034
2123,velanvel1024,velanvel12@abcd.com,1035
2124,velanvel1025,velanvel12@abcd.com,1036
2125,velanvel1026,velanvel12@abcd.com,1037
2126,velanvel1027,velanvel12@abcd.com,1038
2127,velanvel1028,velanvel12@abcd.com,1039
2128,velanvel1029,velanvel12@abcd.com,1040
2129,velanvel1030,velanvel12@abcd.com,1041
2130,velanvel1031,velanvel12@abcd.com,1042
2131,velanvel1032,velanvel12@abcd.com,1043
2132,velanvel1033,velanvel12@abcd.com,1044
2133,velanvel1034,velanvel12@abcd.com,1045
2134,velanvel1035,velanvel12@abcd.com,1046
2135,velanvel1036,velanvel12@abcd.com,1047
2136,velanvel1037,velanvel12@abcd.com,1048
2137,velanvel1038,velanvel12@abcd.com,1049
2138,velanvel1039,velanvel12@abcd.com,1050
2139,velanvel1040,velanvel12@abcd.com,1051
2140,velanvel1041,velanvel12@abcd.com,1052
2141,velanvel1042,velanvel12@abcd.com,1053
2142,velanvel1043,velanvel12@abcd.com,1054
2143,velanvel1044,velanvel12@abcd.com,1055
2144,velanvel1045,velanvel12@abcd.com,1056
2145,velanvel1046,velanvel12@abcd.com,1057
2146,velanvel1047,velanvel12@abcd.com,1058
2147,velanvel1048,velanvel12@abcd.com,1059
2148,velanvel1049,velanvel12@abcd.com,1060
2149,velanvel1050,velanvel12@abcd.com,1061
2150,velanvel1051,velanvel12@abcd.com,1062
2151,velanvel1052,velanvel12@abcd.com,1063
2152,velanvel1053,velanvel12@abcd.com,1064
2153,velanvel1054,velanvel12@abcd.com,1065
2154,velanvel1055,velanvel12@abcd.com,1066
2155,velanvel1056,velanvel12@abcd.com,1067
2156,velanvel1057,velanvel12@abcd.com,1068
2157,velanvel1058,velanvel12@abcd.com,1069
2158,velanvel1059,velanvel12@abcd.com,1070
2159,velanvel1060,velanvel12@abcd.com,1071
2160,velanvel1061,velanvel12@abcd.com,1072
2161,velanvel1062,velanvel12@abcd.com,1073
2162,velanvel1063,velanvel12@abcd.com,1074
2163,velanvel1064,velanvel12@abcd.com,1075
2164,velanvel1065,velanvel12@abcd.com,1076
2165,velanvel1066,velanvel12@abcd.com,1077
2166,velanvel1067,velanvel12@abcd.com,1078
2167,velanvel1068,velanvel12@abcd.com,1079
2168,velanvel1069,velanvel12@abcd.com,1080
2169,velanvel1070,velanvel12@abcd.com,1081
2170,velanvel1071,velanvel12@abcd.com,1082
2171,velanvel1072,velanvel12@abcd.com,1083
2172,velanvel1073,velanvel12@abcd.com,1084
2173,velanvel1074,velanvel12@abcd.com,1085
2174,velanvel1075,velanvel12@abcd.com,1086
2175,velanvel1076,velanvel12@abcd.com,1087
2176,velanvel1077,velanvel12@abcd.com,1088
2177,velanvel1078,velanvel12@abcd.com,1089
2178,velanvel1079,velanvel12@abcd.com,1090
2179,velanvel1080,velanvel12@abcd.com,1091
2180,velanvel1081,velanvel12@abcd.com,1092
2181,velanvel1082,velanvel12@abcd.com,1093
2182,velanvel1083,velanvel12@abcd.com,1094
2183,velanvel1084,velanvel12@abcd.com,1095
2184,velanvel1085,velanvel12@abcd.com,1096
2185,velanvel1086,velanvel12@abcd.com,1097
2186,velanvel1087,velanvel12@abcd.com,1098
2187,velanvel1088,velanvel12@abcd.com,1099
2188,velanvel1089,velanvel12@abcd.com,1100
2189,velanvel1090,velanvel12@abcd.com,1101
2190,velanvel1091,velanvel12@abcd.com,1102
2191,velanvel1092,velanvel12@abcd.com,1103
2192,velanvel1093,velanvel12@abcd.com,1104
2193,velanvel1094,velanvel12@abcd.com,1105
2194,velanvel1095,velanvel12@abcd.com,1106
2195,velanvel1096,velanvel12@abcd.com,1107
2196,velanvel1097,velanvel12@abcd.com,1108
2197,velanvel1098,velanvel12@abcd.com,1109
2198,velanvel1099,velanvel12@abcd.com,1110
2199,velanvel1100,velanvel12@abcd.com,1111
2200,velanvel1101,velanvel12@abcd.com,1112
2201,velanvel1102,velanvel12@abcd.com,1113
2202,velanvel1103,velanvel12@abcd.com,1114
2203,velanvel1104,velanvel12@abcd.com,1115
2204,velanvel1105,velanvel12@abcd.com,1116
2205,velanvel1106,velanvel12@abcd.com,1117
2206,velanvel1107,velanvel12@abcd.com,1118
2207,velanvel1108,velanvel12@abcd.com,1119
2208,velanvel1109,velanvel12@abcd.com,1120
2209,velanvel1110,velanvel12@abcd.com,1121
2210,velanvel1111,velanvel12@abcd.com,1122
2211,velanvel1112,velanvel12@abcd.com,1123
2212,velanvel1113,velanvel12@abcd.com,1124
2213,velanvel1114,velanvel12@abcd.com,1125
2214,velanvel1115,velanvel12@abcd.com,1126
2215,velanvel1116,velanvel12@abcd.com,1127
2216,velanvel1117,velanvel12@abcd.com,1128
2217,velanvel1118,velanvel12@abcd.com,1129
2218,velanvel1119,velanvel12@abcd.com,1130
2219,velanvel1120,velanvel12@abcd.com,1131
2220,velanvel1121,velanvel12@abcd.com,1132
2221,velanvel1122,velanvel12@abcd.com,1133
2222,velanvel1123,velanvel12@abcd.com,1134
2223,velanvel1124,velanvel12@abcd.com,1135
2224,velanvel1125,velanvel12@abcd.com,1136
2225,velanvel1126,velanvel12@abcd.com,1137
2226,velanvel1127,velanvel12@abcd.com,1138
2227,velanvel1128,velanvel12@abcd.com,1139
2228,velanvel1129,velanvel12@abcd.com,1140
2229,velanvel1130,velanvel12@abcd.com,1141
2230,velanvel1131,velanvel12@abcd.com,1142
2231,velanvel1132,velanvel12@abcd.com,1143
2232,velanvel1133,velanvel12@abcd.com,1144
2233,velanvel1134,velanvel12@abcd.com,1145
2234,velanvel1135,velanvel12@abcd.com,1146
2235,velanvel1136,velanvel12@abcd.com,1147
2236,velanvel1137,velanvel12@abcd.com,1148
2237,velanvel1138,velanvel12@abcd.com,1149
2238,velanvel1139,velanvel12@abcd.com,1150
2239,velanvel1140,velanvel12@abcd.com,1151
2240,velanvel1141,velanvel12@abcd.com,1152
2241,velanvel1142,velanvel12@abcd.com,1153
2242,velanvel1143,velanvel12@abcd.com,1154
2243,velanvel1144,velanvel12@abcd.com,1155
2244,velanvel1145,velanvel12@abcd.com,1156
2245,velanvel1146,velanvel12@abcd.com,1157
2246,velanvel1147,velanvel12@abcd.com,1158
2247,velanvel1148,velanvel12@abcd.com,1159
2248,velanvel1149,velanvel12@abcd.com,1160
2249,velanvel1150,velanvel12@abcd.com,1161
2250,velanvel1151,velanvel12@abcd.com,1162
2251,velanvel1152,velanvel12@abcd.com,1163
2252,velanvel1153,velanvel12@abcd.com,1164
2253,velanvel1154,velanvel12@abcd.com,1165
2254,velanvel1155,velanvel12@abcd.com,1166
2255,velanvel1156,velanvel12@abcd.com,1167
2256,velanvel1157,velanvel12@abcd.com,1168
2257,velanvel1158,velanvel12@abcd.com,1169
2258,velanvel1159,velanvel12@abcd.com,1170
2259,velanvel1160,velanvel12@abcd.com,1171
2260,velanvel1161,velanvel12@abcd.com,1172
2261,velanvel1162,velanvel12@abcd.com,1173
2262,velanvel1163,velanvel12@abcd.com,1174
2263,velanvel1164,velanvel12@abcd.com,1175
2264,velanvel1165,velanvel12@abcd.com,1176
2265,velanvel1166,velanvel12@abcd.com,1177
2266,velanvel1167,velanvel12@abcd.com,1178
2267,velanvel1168,velanvel12@abcd.com,1179
2268,velanvel1169,velanvel12@abcd.com,1180
2269,velanvel1170,velanvel12@abcd.com,1181
2270,velanvel1171,velanvel12@abcd.com,1182
2271,velanvel1172,velanvel12@abcd.com,1183
2272,velanvel1173,velanvel12@abcd.com,1184
2273,velanvel1174,velanvel12@abcd.com,1185
2274,velanvel1175,velanvel12@abcd.com,1186
2275,velanvel1176,velanvel12@abcd.com,1187
2276,velanvel1177,velanvel12@abcd.com,1188
2277,velanvel1178,velanvel12@abcd.com,1189
2278,velanvel1179,velanvel12@abcd.com,1190
2279,velanvel1180,velanvel12@abcd.com,1191
2280,velanvel1181,velanvel12@abcd.com,1192
2281,velanvel1182,velanvel12@abcd.com,1193
2282,velanvel1183,velanvel12@abcd.com,1194
2283,velanvel1184,velanvel12@abcd.com,1195
2284,velanvel1185,velanvel12@abcd.com,1196
2285,velanvel1186,velanvel12@abcd.com,1197
2286,velanvel1187,velanvel12@abcd.com,1198
2287,velanvel1188,velanvel12@abcd.com,1199
2288,velanvel1189,velanvel12@abcd.com,1200
2289,velanvel1190,velanvel12@abcd.com,1201
2290,velanvel1191,velanvel12@abcd.com,1202
2291,velanvel1192,velanvel12@abcd.com,1203
2292,velanvel1193,velanvel12@abcd.com,1204
2293,velanvel1194,velanvel12@abcd.com,1205
2294,velanvel1195,velanvel12@abcd.com,1206
2295,velanvel1196,velanvel12@abcd.com,1207
2296,velanvel1197,velanvel12@abcd.com,1208
2297,velanvel1198,velanvel12@abcd.com,1209
2298,velanvel1199,velanvel12@abcd.com,1210
2299,velanvel1200,velanvel12@abcd.com,1211
2300,velanvel1201,velanvel12@abcd.com,1212
2301,velanvel1202,velanvel12@abcd.com,1213
2302,velanvel1203,velanvel12@abcd.com,1214
2303,velanvel1204,velanvel12@abcd.com,1215
2304,velanvel1205,velanvel12@abcd.com,1216
2305,velanvel1206,velanvel12@abcd.com,1217
2306,velanvel1207,velanvel12@abcd.com,1218
2307,velanvel1208,velanvel12@abcd.com,1219
2308,velanvel1209,velanvel12@abcd.com,1220
2309,velanvel1210,velanvel12@abcd.com,1221
2310,velanvel1211,velanvel12@abcd.com,1222
2311,velanvel1212,velanvel12@abcd.com,1223
2312,velanvel1213,velanvel12@abcd.com,1224
2313,velanvel1214,velanvel12@abcd.com,1225
2314,velanvel1215,velanvel12@abcd.com,1226
2315,velanvel1216,velanvel12@abcd.com,1227
2316,velanvel1217,velanvel12@abcd.com,1228
2317,velanvel1218,velanvel12@abcd.com,1229
2318,velanvel1219,velanvel12@abcd.com,1230
2319,velanvel1220,velanvel12@abcd.com,1231
2320,velanvel1221,velanvel12@abcd.com,1232
2321,velanvel1222,velanvel12@abcd.com,1233
2322,velanvel1223,velanvel12@abcd.com,1234
2323,velanvel1224,velanvel12@abcd.com,1235
2324,velanvel1225,velanvel12@abcd.com,1236
2325,velanvel1226,velanvel12@abcd.com,1237
2326,velanvel1227,velanvel12@abcd.com,1238
2327,velanvel1228,velanvel12@abcd.com,1239
2328,velanvel1229,velanvel12@abcd.com,1240
2329,velanvel1230,velanvel12@abcd.com,1241
2330,velanvel1231,velanvel12@abcd.com,1242
2331,velanvel1232,velanvel12@abcd.com,1243
2332,velanvel1233,velanvel12@abcd.com,1244
2333,velanvel1234,velanvel12@abcd.com,1245
2334,velanvel1235,velanvel12@abcd.com,1246
2335,velanvel1236,velanvel12@abcd.com,1247
2336,velanvel1237,velanvel12@abcd.com,1248
2337,velanvel1238,velanvel12@abcd.com,1249
2338,velanvel1239,velanvel12@abcd.com,1250
2339,velanvel1240,velanvel12@abcd.com,1251
2340,velanvel1241,velanvel12@abcd.com,1252
2341,velanvel1242,velanvel12@abcd.com,1253
2342,velanvel1243,velanvel12@abcd.com,1254
2343,velanvel1244,velanvel12@abcd.com,1255
2344,velanvel1245,velanvel12@abcd.com,1256
2345,velanvel1246,velanvel12@abcd.com,1257
2346,velanvel1247,velanvel12@abcd.com,1258
2347,velanvel1248,velanvel12@abcd.com,1259
2348,velanvel1249,velanvel12@abcd.com,1260
2349,velanvel1250,velanvel12@abcd.com,1261
2350,velanvel1251,velanvel12@abcd.com,1262
2351,velanvel1252,velanvel12@abcd.com,1263
2352,velanvel1253,velanvel12@abcd.com,1264
2353,velanvel1254,velanvel12@abcd.com,1265
2354,velanvel1255,velanvel12@abcd.com,1266
2355,velanvel1256,velanvel12@abcd.com,1267
2356,velanvel1257,velanvel12@abcd.com,1268
2357,velanvel1258,velanvel12@abcd.com,1269
2358,velanvel1259,velanvel12@abcd.com,1270
2359,velanvel1260,velanvel12@abcd.com,1271
2360,velanvel1261,velanvel12@abcd.com,1272
2361,velanvel1262,velanvel12@abcd.com,1273
2362,velanvel1263,velanvel12@abcd.com,1274
2363,velanvel1264,velanvel12@abcd.com,1275
2364,velanvel1265,velanvel12@abcd.com,1276
2365,velanvel1266,velanvel12@abcd.com,1277
2366,velanvel1267,velanvel12@abcd.com,1278
2367,velanvel1268,velanvel12@abcd.com,1279
2368,velanvel1269,velanvel12@abcd.com,1280
2369,velanvel1270,velanvel12@abcd.com,1281
2370,velanvel1271,velanvel12@abcd.com,1282
2371,velanvel1272,velanvel12@abcd.com,1283
2372,velanvel1273,velanvel12@abcd.com,1284
2373,velanvel1274,velanvel12@abcd.com,1285
2374,velanvel1275,velanvel12@abcd.com,1286
2375,velanvel1276,velanvel12@abcd.com,1287
2376,velanvel1277,velanvel12@abcd.com,1288
2377,velanvel1278,velanvel12@abcd.com,1289
2378,velanvel1279,velanvel12@abcd.com,1290
2379,velanvel1280,velanvel12@abcd.com,1291
2380,velanvel1281,velanvel12@abcd.com,1292
2381,velanvel1282,velanvel12@abcd.com,1293
2382,velanvel1283,velanvel12@abcd.com,1294
2383,velanvel1284,velanvel12@abcd.com,1295
2384,velanvel1285,velanvel12@abcd.com,1296
2385,velanvel1286,velanvel12@abcd.com,1297
2386,velanvel1287,velanvel12@abcd.com,1298
2387,velanvel1288,velanvel12@abcd.com,1299
2388,velanvel1289,velanvel12@abcd.com,1300
2389,velanvel1290,velanvel12@abcd.com,1301
2390,velanvel1291,velanvel12@abcd.com,1302
2391,velanvel1292,velanvel12@abcd.com,1303
2392,velanvel1293,velanvel12@abcd.com,1304
2393,velanvel1294,velanvel12@abcd.com,1305
2394,velanvel1295,velanvel12@abcd.com,1306
2395,velanvel1296,velanvel12@abcd.com,1307
2396,velanvel1297,velanvel12@abcd.com,1308
2397,velanvel1298,velanvel12@abcd.com,1309
2398,velanvel1299,velanvel12@abcd.com,1310
2399,velanvel1300,velanvel12@abcd.com,1311
2400,velanvel1301,velanvel12@abcd.com,1312
2401,velanvel1302,velanvel12@abcd.com,1313
2402,velanvel1303,velanvel12@abcd.com,1314
2403,velanvel1304,velanvel12@abcd.com,1315
2404,velanvel1305,velanvel12@abcd.com,1316
2405,velanvel1306,velanvel12@abcd.com,1317
2406,velanvel1307,velanvel12@abcd.com,1318
2407,velanvel1308,velanvel12@abcd.com,1319
2408,velanvel1309,velanvel12@abcd.com,1320
2409,velanvel1310,velanvel12@abcd.com,1321
2410,velanvel1311,velanvel12@abcd.com,1322
2411,velanvel1312,velanvel12@abcd.com,1323
2412,velanvel1313,velanvel12@abcd.com,1324
2413,velanvel1314,velanvel12@abcd.com,1325
2414,velanvel1315,velanvel12@abcd.com,1326
2415,velanvel1316,velanvel12@abcd.com,1327
2416,velanvel1317,velanvel12@abcd.com,1328
2417,velanvel1318,velanvel12@abcd.com,1329
2418,velanvel1319,velanvel12@abcd.com,1330
2419,velanvel1320,velanvel12@abcd.com,1331
2420,velanvel1321,velanvel12@abcd.com,1332
2421,velanvel1322,velanvel12@abcd.com,1333
2422,velanvel1323,velanvel12@abcd.com,1334
2423,velanvel1324,velanvel12@abcd.com,1335
2424,velanvel1325,velanvel12@abcd.com,1336
2425,velanvel1326,velanvel12@abcd.com,1337
2426,velanvel1327,velanvel12@abcd.com,1338
2427,velanvel1328,velanvel12@abcd.com,1339
2428,velanvel1329,velanvel12@abcd.com,1340
2429,velanvel1330,velanvel12@abcd.com,1341
2430,velanvel1331,velanvel12@abcd.com,1342
2431,velanvel1332,velanvel12@abcd.com,1343
2432,velanvel1333,velanvel12@abcd.com,1344
2433,velanvel1334,velanvel12@abcd.com,1345
2434,velanvel1335,velanvel12@abcd.com,1346
2435,velanvel1336,velanvel12@abcd.com,1347
2436,velanvel1337,velanvel12@abcd.com,1348
2437,velanvel1338,velanvel12@abcd.com,1349
2438,velanvel1339,velanvel12@abcd.com,1350
2439,velanvel1340,velanvel12@abcd.com,1351
2440,velanvel1341,velanvel12@abcd.com,1352
2441,velanvel1342,velanvel12@abcd.com,1353
2442,velanvel1343,velanvel12@abcd.com,1354
2443,velanvel1344,velanvel12@abcd.com,1355
2444,velanvel1345,velanvel12@abcd.com,1356
2445,velanvel1346,velanvel12@abcd.com,1357
2446,velanvel1347,velanvel12@abcd.com,1358
2447,velanvel1348,velanvel12@abcd.com,1359
2448,velanvel1349,velanvel12@abcd.com,1360
2449,velanvel1350,velanvel12@abcd.com,1361
2450,velanvel1351,velanvel12@abcd.com,1362
2451,velanvel1352,velanvel12@abcd.com,1363
2452,velanvel1353,velanvel12@abcd.com,1364
2453,velanvel1354,velanvel12@abcd.com,1365
2454,velanvel1355,velanvel12@abcd.com,1366
2455,velanvel1356,velanvel12@abcd.com,1367
2456,velanvel1357,velanvel12@abcd.com,1368
2457,velanvel1358,velanvel12@abcd.com,1369
2458,velanvel1359,velanvel12@abcd.com,1370
2459,velanvel1360,velanvel12@abcd.com,1371
2460,velanvel1361,velanvel12@abcd.com,1372
2461,velanvel1362,velanvel12@abcd.com,1373
2462,velanvel1363,velanvel12@abcd.com,1374
2463,velanvel1364,velanvel12@abcd.com,1375
2464,velanvel1365,velanvel12@abcd.com,1376
2465,velanvel1366,velanvel12@abcd.com,1377
2466,velanvel1367,velanvel12@abcd.com,1378
2467,velanvel1368,velanvel12@abcd.com,1379
2468,velanvel1369,velanvel12@abcd.com,1380
2469,velanvel1370,velanvel12@abcd.com,1381
2470,velanvel1371,velanvel12@abcd.com,1382
2471,velanvel1372,velanvel12@abcd.com,1383
2472,velanvel1373,velanvel12@abcd.com,1384
2473,velanvel1374,velanvel12@abcd.com,1385
2474,velanvel1375,velanvel12@abcd.com,1386
2475,velanvel1376,velanvel12@abcd.com,1387
2476,velanvel1377,velanvel12@abcd.com,1388
2477,velanvel1378,velanvel12@abcd.com,1389
2478,velanvel1379,velanvel12@abcd.com,1390
2479,velanvel1380,velanvel12@abcd.com,1391
2480,velanvel1381,velanvel12@abcd.com,1392
2481,velanvel1382,velanvel12@abcd.com,1393
2482,velanvel1383,velanvel12@abcd.com,1394
2483,velanvel1384,velanvel12@abcd.com,1395
2484,velanvel1385,velanvel12@abcd.com,1396
2485,velanvel1386,velanvel12@abcd.com,1397
2486,velanvel1387,velanvel12@abcd.com,1398
2487,velanvel1388,velanvel12@abcd.com,1399
2488,velanvel1389,velanvel12@abcd.com,1400
2489,velanvel1390,velanvel12@abcd.com,1401
2490,velanvel1391,velanvel12@abcd.com,1402
2491,velanvel1392,velanvel12@abcd.com,1403
2492,velanvel1393,velanvel12@abcd.com,1404
2493,velanvel1394,velanvel12@abcd.com,1405
2494,velanvel1395,velanvel12@abcd.com,1406
2495,velanvel1396,velanvel12@abcd.com,1407
2496,velanvel1397,velanvel12@abcd.com,1408
2497,velanvel1398,velanvel12@abcd.com,1409
2498,velanvel1399,velanvel12@abcd.com,1410
2499,velanvel1400,velanvel12@abcd.com,1411
2500,velanvel1401,velanvel12@abcd.com,1412
2501,velanvel1402,velanvel12@abcd.com,1413
2502,velanvel1403,velanvel12@abcd.com,1414
2503,velanvel1404,velanvel12@abcd.com,1415
2504,velanvel1405,velanvel12@abcd.com,1416
2505,velanvel1406,velanvel12@abcd.com,1417
2506,velanvel1407,velanvel12@abcd.com,1418
2507,velanvel1408,velanvel12@abcd.com,1419
2508,velanvel1409,velanvel12@abcd.com,1420
2509,velanvel1410,velanvel12@abcd.com,1421
2510,velanvel1411,velanvel12@abcd.com,1422
2511,velanvel1412,velanvel12@abcd.com,1423
2512,velanvel1413,velanvel12@abcd.com,1424
2513,velanvel1414,velanvel12@abcd.com,1425
2514,velanvel1415,velanvel12@abcd.com,1426
2515,velanvel1416,velanvel12@abcd.com,1427
2516,velanvel1417,velanvel12@abcd.com,1428
2517,velanvel1418,velanvel12@abcd.com,1429
2518,velanvel1419,velanvel12@abcd.com,1430
2519,velanvel1420,velanvel12@abcd.com,1431
2520,velanvel1421,velanvel12@abcd.com,1432
2521,velanvel1422,velanvel12@abcd.com,1433
2522,velanvel1423,velanvel12@abcd.com,1434
2523,velanvel1424,velanvel12@abcd.com,1435
2524,velanvel1425,velanvel12@abcd.com,1436
2525,velanvel1426,velanvel12@abcd.com,1437
2526,velanvel1427,velanvel12@abcd.com,1438
2527,velanvel1428,velanvel12@abcd.com,1439
2528,velanvel1429,velanvel12@abcd.com,1440
2529,velanvel1430,velanvel12@abcd.com,1441
2530,velanvel1431,velanvel12@abcd.com,1442
2531,velanvel1432,velanvel12@abcd.com,1443
2532,velanvel1433,velanvel12@abcd.com,1444
2533,velanvel1434,velanvel12@abcd.com,1445
2534,velanvel1435,velanvel12@abcd.com,1446
2535,velanvel1436,velanvel12@abcd.com,1447
2536,velanvel1437,velanvel12@abcd.com,1448
2537,velanvel1438,velanvel12@abcd.com,1449
2538,velanvel1439,velanvel12@abcd.com,1450
2539,velanvel1440,velanvel12@abcd.com,1451
2540,velanvel1441,velanvel12@abcd.com,1452
2541,velanvel1442,velanvel12@abcd.com,1453
2542,velanvel1443,velanvel12@abcd.com,1454
2543,velanvel1444,velanvel12@abcd.com,1455
2544,velanvel1445,velanvel12@abcd.com,1456
2545,velanvel1446,velanvel12@abcd.com,1457
2546,velanvel1447,velanvel12@abcd.com,1458
2547,velanvel1448,velanvel12@abcd.com,1459
2548,velanvel1449,velanvel12@abcd.com,1460
2549,velanvel1450,velanvel12@abcd.com,1461
2550,velanvel1451,velanvel12@abcd.com,1462
2551,velanvel1452,velanvel12@abcd.com,1463
2552,velanvel1453,velanvel12@abcd.com,1464
2553,velanvel1454,velanvel12@abcd.com,1465
2554,velanvel1455,velanvel12@abcd.com,1466
2555,velanvel1456,velanvel12@abcd.com,1467
2556,velanvel1457,velanvel12@abcd.com,1468
2557,velanvel1458,velanvel12@abcd.com,1469
2558,velanvel1459,velanvel12@abcd.com,1470
2559,velanvel1460,velanvel12@abcd.com,1471
2560,velanvel1461,velanvel12@abcd.com,1472
2561,velanvel1462,velanvel12@abcd.com,1473
2562,velanvel1463,velanvel12@abcd.com,1474
2563,velanvel1464,velanvel12@abcd.com,1475
2564,velanvel1465,velanvel12@abcd.com,1476
2565,velanvel1466,velanvel12@abcd.com,1477
2566,velanvel1467,velanvel12@abcd.com,1478
2567,velanvel1468,velanvel12@abcd.com,1479
2568,velanvel1469,velanvel12@abcd.com,1480
2569,velanvel1470,velanvel12@abcd.com,1481
2570,velanvel1471,velanvel12@abcd.com,1482
2571,velanvel1472,velanvel12@abcd.com,1483
2572,velanvel1473,velanvel12@abcd.com,1484
2573,velanvel1474,velanvel12@abcd.com,1485
2574,velanvel1475,velanvel12@abcd.com,1486
2575,velanvel1476,velanvel12@abcd.com,1487
2576,velanvel1477,velanvel12@abcd.com,1488
2577,velanvel1478,velanvel12@abcd.com,1489
2578,velanvel1479,velanvel12@abcd.com,1490
2579,velanvel1480,velanvel12@abcd.com,1491
2580,velanvel1481,velanvel12@abcd.com,1492
2581,velanvel1482,velanvel12@abcd.com,1493
2582,velanvel1483,velanvel12@abcd.com,1494
2583,velanvel1484,velanvel12@abcd.com,1495
2584,velanvel1485,velanvel12@abcd.com,1496
2585,velanvel1486,velanvel12@abcd.com,1497
2586,velanvel1487,velanvel12@abcd.com,1498
2587,velanvel1488,velanvel12@abcd.com,1499
2588,velanvel1489,velanvel12@abcd.com,1500
2589,velanvel1490,velanvel12@abcd.com,1501
2590,velanvel1491,velanvel12@abcd.com,1502
2591,velanvel1492,velanvel12@abcd.com,1503
2592,velanvel1493,velanvel12@abcd.com,1504
2593,velanvel1494,velanvel12@abcd.com,1505
2594,velanvel1495,velanvel12@abcd.com,1506
2595,velanvel1496,velanvel12@abcd.com,1507
2596,velanvel1497,velanvel12@abcd.com,1508
2597,velanvel1498,velanvel12@abcd.com,1509
2598,velanvel1499,velanvel12@abcd.com,1510
2599,velanvel1500,velanvel12@abcd.com,1511
2600,velanvel1501,velanvel12@abcd.com,1512
2601,velanvel1502,velanvel12@abcd.com,1513
2602,velanvel1503,velanvel12@abcd.com,1514
2603,velanvel1504,velanvel12@abcd.com,1515
2604,velanvel1505,velanvel12@abcd.com,1516
2605,velanvel1506,velanvel12@abcd.com,1517
2606,velanvel1507,velanvel12@abcd.com,1518
2607,velanvel1508,velanvel12@abcd.com,1519
2608,velanvel1509,velanvel12@abcd.com,1520
2609,velanvel1510,velanvel12@abcd.com,1521
2610,velanvel1511,velanvel12@abcd.com,1522
2611,velanvel1512,velanvel12@abcd.com,1523
2612,velanvel1513,velanvel12@abcd.com,1524
2613,velanvel1514,velanvel12@abcd.com,1525
2614,velanvel1515,velanvel12@abcd.com,1526
2615,velanvel1516,velanvel12@abcd.com,1527
2616,velanvel1517,velanvel12@abcd.com,1528
2617,velanvel1518,velanvel12@abcd.com,1529
2618,velanvel1519,velanvel12@abcd.com,1530
2619,velanvel1520,velanvel12@abcd.com,1531
2620,velanvel1521,velanvel12@abcd.com,1532
2621,velanvel1522,velanvel12@abcd.com,1533
2622,velanvel1523,velanvel12@abcd.com,1534
2623,velanvel1524,velanvel12@abcd.com,1535
2624,velanvel1525,velanvel12@abcd.com,1536
2625,velanvel1526,velanvel12@abcd.com,1537
2626,velanvel1527,velanvel12@abcd.com,1538
2627,velanvel1528,velanvel12@abcd.com,1539
2628,velanvel1529,velanvel12@abcd.com,1540
2629,velanvel1530,velanvel12@abcd.com,1541
2630,velanvel1531,velanvel12@abcd.com,1542
2631,velanvel1532,velanvel12@abcd.com,1543
2632,velanvel1533,velanvel12@abcd.com,1544
2633,velanvel1534,velanvel12@abcd.com,1545
2634,velanvel1535,velanvel12@abcd.com,1546
2635,velanvel1536,velanvel12@abcd.com,1547
2636,velanvel1537,velanvel12@abcd.com,1548
2637,velanvel1538,velanvel12@abcd.com,1549
2638,velanvel1539,velanvel12@abcd.com,1550
2639,velanvel1540,velanvel12@abcd.com,1551
2640,velanvel1541,velanvel12@abcd.com,1552
2641,velanvel1542,velanvel12@abcd.com,1553
2642,velanvel1543,velanvel12@abcd.com,1554
2643,velanvel1544,velanvel12@abcd.com,1555
2644,velanvel1545,velanvel12@abcd.com,1556
2645,velanvel1546,velanvel12@abcd.com,1557
2646,velanvel1547,velanvel12@abcd.com,1558
2647,velanvel1548,velanvel12@abcd.com,1559
2648,velanvel1549,velanvel12@abcd.com,1560
2649,velanvel1550,velanvel12@abcd.com,1561
2650,velanvel1551,velanvel12@abcd.com,1562
2651,velanvel1552,velanvel12@abcd.com,1563
2652,velanvel1553,velanvel12@abcd.com,1564
2653,velanvel1554,velanvel12@abcd.com,1565
2654,velanvel1555,velanvel12@abcd.com,1566
2655,velanvel1556,velanvel12@abcd.com,1567
2656,velanvel1557,velanvel12@abcd.com,1568
2657,velanvel1558,velanvel12@abcd.com,1569
2658,velanvel1559,velanvel12@abcd.com,1570
2659,velanvel1560,velanvel12@abcd.com,1571
2660,velanvel1561,velanvel12@abcd.com,1572
2661,velanvel1562,velanvel12@abcd.com,1573
2662,velanvel1563,velanvel12@abcd.com,1574
2663,velanvel1564,velanvel12@abcd.com,1575
2664,velanvel1565,velanvel12@abcd.com,1576
2665,velanvel1566,velanvel12@abcd.com,1577
2666,velanvel1567,velanvel12@abcd.com,1578
2667,velanvel1568,velanvel12@abcd.com,1579
2668,velanvel1569,velanvel12@abcd.com,1580
2669,velanvel1570,velanvel12@abcd.com,1581
2670,velanvel1571,velanvel12@abcd.com,1582
2671,velanvel1572,velanvel12@abcd.com,1583
2672,velanvel1573,velanvel12@abcd.com,1584
2673,velanvel1574,velanvel12@abcd.com,1585
2674,velanvel1575,velanvel12@abcd.com,1586
2675,velanvel1576,velanvel12@abcd.com,1587
2676,velanvel1577,velanvel12@abcd.com,1588
2677,velanvel1578,velanvel12@abcd.com,1589
2678,velanvel1579,velanvel12@abcd.com,1590
2679,velanvel1580,velanvel12@abcd.com,1591
2680,velanvel1581,velanvel12@abcd.com,1592
2681,velanvel1582,velanvel12@abcd.com,1593
2682,velanvel1583,velanvel12@abcd.com,1594
2683,velanvel1584,velanvel12@abcd.com,1595
2684,velanvel1585,velanvel12@abcd.com,1596
2685,velanvel1586,velanvel12@abcd.com,1597
2686,velanvel1587,velanvel12@abcd.com,1598
2687,velanvel1588,velanvel12@abcd.com,1599
2688,velanvel1589,velanvel12@abcd.com,1600
2689,velanvel1590,velanvel12@abcd.com,1601
2690,velanvel1591,velanvel12@abcd.com,1602
2691,velanvel1592,velanvel12@abcd.com,1603
2692,velanvel1593,velanvel12@abcd.com,1604
2693,velanvel1594,velanvel12@abcd.com,1605
2694,velanvel1595,velanvel12@abcd.com,1606
2695,velanvel1596,velanvel12@abcd.com,1607
2696,velanvel1597,velanvel12@abcd.com,1608
2697,velanvel1598,velanvel12@abcd.com,1609
2698,velanvel1599,velanvel12@abcd.com,1610
2699,velanvel1600,velanvel12@abcd.com,1611
2700,velanvel1601,velanvel12@abcd.com,1612
2701,velanvel1602,velanvel12@abcd.com,1613
2702,velanvel1603,velanvel12@abcd.com,1614
2703,velanvel1604,velanvel12@abcd.com,1615
2704,velanvel1605,velanvel12@abcd.com,1616
2705,velanvel1606,velanvel12@abcd.com,1617
2706,velanvel1607,velanvel12@abcd.com,1618
2707,velanvel1608,velanvel12@abcd.com,1619
2708,velanvel1609,velanvel12@abcd.com,1620
2709,velanvel1610,velanvel12@abcd.com,1621
2710,velanvel1611,velanvel12@abcd.com,1622
2711,velanvel1612,velanvel12@abcd.com,1623
2712,velanvel1613,velanvel12@abcd.com,1624
2713,velanvel1614,velanvel12@abcd.com,1625
2714,velanvel1615,velanvel12@abcd.com,1626
2715,velanvel1616,velanvel12@abcd.com,1627
2716,velanvel1617,velanvel12@abcd.com,1628
2717,velanvel1618,velanvel12@abcd.com,1629
2718,velanvel1619,velanvel12@abcd.com,1630
2719,velanvel1620,velanvel12@abcd.com,1631
2720,velanvel1621,velanvel12@abcd.com,1632
2721,velanvel1622,velanvel12@abcd.com,1633
2722,velanvel1623,velanvel12@abcd.com,1634
2723,velanvel1624,velanvel12@abcd.com,1635
2724,velanvel1625,velanvel12@abcd.com,1636
2725,velanvel1626,velanvel12@abcd.com,1637
2726,velanvel1627,velanvel12@abcd.com,1638
2727,velanvel1628,velanvel12@abcd.com,1639
2728,velanvel1629,velanvel12@abcd.com,1640
2729,velanvel1630,velanvel12@abcd.com,1641
2730,velanvel1631,velanvel12@abcd.com,1642
2731,velanvel1632,velanvel12@abcd.com,1643
2732,velanvel1633,velanvel12@abcd.com,1644
2733,velanvel1634,velanvel12@abcd.com,1645
2734,velanvel1635,velanvel12@abcd.com,1646
2735,velanvel1636,velanvel12@abcd.com,1647
2736,velanvel1637,velanvel12@abcd.com,1648
2737,velanvel1638,velanvel12@abcd.com,1649
2738,velanvel1639,velanvel12@abcd.com,1650
2739,velanvel1640,velanvel12@abcd.com,1651
2740,velanvel1641,velanvel12@abcd.com,1652
2741,velanvel1642,velanvel12@abcd.com,1653
2742,velanvel1643,velanvel12@abcd.com,1654
2743,velanvel1644,velanvel12@abcd.com,1655
2744,velanvel1645,velanvel12@abcd.com,1656
2745,velanvel1646,velanvel12@abcd.com,1657
2746,velanvel1647,velanvel12@abcd.com,1658
2747,velanvel1648,velanvel12@abcd.com,1659
2748,velanvel1649,velanvel12@abcd.com,1660
2749,velanvel1650,velanvel12@abcd.com,1661
2750,velanvel1651,velanvel12@abcd.com,1662
2751,velanvel1652,velanvel12@abcd.com,1663
2752,velanvel1653,velanvel12@abcd.com,1664
2753,velanvel1654,velanvel12@abcd.com,1665
2754,velanvel1655,velanvel12@abcd.com,1666
2755,velanvel1656,velanvel12@abcd.com,1667
2756,velanvel1657,velanvel12@abcd.com,1668
2757,velanvel1658,velanvel12@abcd.com,1669
2758,velanvel1659,velanvel12@abcd.com,1670
2759,velanvel1660,velanvel12@abcd.com,1671
2760,velanvel1661,velanvel12@abcd.com,1672
2761,velanvel1662,velanvel12@abcd.com,1673
2762,velanvel1663,velanvel12@abcd.com,1674
2763,velanvel1664,velanvel12@abcd.com,1675
2764,velanvel1665,velanvel12@abcd.com,1676
2765,velanvel1666,velanvel12@abcd.com,1677
2766,velanvel1667,velanvel12@abcd.com,1678
2767,velanvel1668,velanvel12@abcd.com,1679
2768,velanvel1669,velanvel12@abcd.com,1680
2769,velanvel1670,velanvel12@abcd.com,1681
2770,velanvel1671,velanvel12@abcd.com,1682
2771,velanvel1672,velanvel12@abcd.com,1683
2772,velanvel1673,velanvel12@abcd.com,1684
2773,velanvel1674,velanvel12@abcd.com,1685
2774,velanvel1675,velanvel12@abcd.com,1686
2775,velanvel1676,velanvel12@abcd.com,1687
2776,velanvel1677,velanvel12@abcd.com,1688
2777,velanvel1678,velanvel12@abcd.com,1689
2778,velanvel1679,velanvel12@abcd.com,1690
2779,velanvel1680,velanvel12@abcd.com,1691
2780,velanvel1681,velanvel12@abcd.com,1692
2781,velanvel1682,velanvel12@abcd.com,1693
2782,velanvel1683,velanvel12@abcd.com,1694
2783,velanvel1684,velanvel12@abcd.com,1695
2784,velanvel1685,velanvel12@abcd.com,1696
2785,velanvel1686,velanvel12@abcd.com,1697
2786,velanvel1687,velanvel12@abcd.com,1698
2787,velanvel1688,velanvel12@abcd.com,1699
2788,velanvel1689,velanvel12@abcd.com,1700
2789,velanvel1690,velanvel12@abcd.com,1701
2790,velanvel1691,velanvel12@abcd.com,1702
2791,velanvel1692,velanvel12@abcd.com,1703
2792,velanvel1693,velanvel12@abcd.com,1704
2793,velanvel1694,velanvel12@abcd.com,1705
2794,velanvel1695,velanvel12@abcd.com,1706
2795,velanvel1696,velanvel12@abcd.com,1707
2796,velanvel1697,velanvel12@abcd.com,1708
2797,velanvel1698,velanvel12@abcd.com,1709
2798,velanvel1699,velanvel12@abcd.com,1710
2799,velanvel1700,velanvel12@abcd.com,1711
2800,velanvel1701,velanvel12@abcd.com,1712
2801,velanvel1702,velanvel12@abcd.com,1713
2802,velanvel1703,velanvel12@abcd.com,1714
2803,velanvel1704,velanvel12@abcd.com,1715
2804,velanvel1705,velanvel12@abcd.com,1716
2805,velanvel1706,velanvel12@abcd.com,1717
2806,velanvel1707,velanvel12@abcd.com,1718
2807,velanvel1708,velanvel12@abcd.com,1719
2808,velanvel1709,velanvel12@abcd.com,1720
2809,velanvel1710,velanvel12@abcd.com,1721
2810,velanvel1711,velanvel12@abcd.com,1722
2811,velanvel1712,velanvel12@abcd.com,1723
2812,velanvel1713,velanvel12@abcd.com,1724
2813,velanvel1714,velanvel12@abcd.com,1725
2814,velanvel1715,velanvel12@abcd.com,1726
2815,velanvel1716,velanvel12@abcd.com,1727
2816,velanvel1717,velanvel12@abcd.com,1728
2817,velanvel1718,velanvel12@abcd.com,1729
2818,velanvel1719,velanvel12@abcd.com,1730
2819,velanvel1720,velanvel12@abcd.com,1731
2820,velanvel1721,velanvel12@abcd.com,1732
2821,velanvel1722,velanvel12@abcd.com,1733
2822,velanvel1723,velanvel12@abcd.com,1734
2823,velanvel1724,velanvel12@abcd.com,1735
2824,velanvel1725,velanvel12@abcd.com,1736
2825,velanvel1726,velanvel12@abcd.com,1737
2826,velanvel1727,velanvel12@abcd.com,1738
2827,velanvel1728,velanvel12@abcd.com,1739
2828,velanvel1729,velanvel12@abcd.com,1740
2829,velanvel1730,velanvel12@abcd.com,1741
2830,velanvel1731,velanvel12@abcd.com,1742
2831,velanvel1732,velanvel12@abcd.com,1743
2832,velanvel1733,velanvel12@abcd.com,1744
2833,velanvel1734,velanvel12@abcd.com,1745
2834,velanvel1735,velanvel12@abcd.com,1746
2835,velanvel1736,velanvel12@abcd.com,1747
2836,velanvel1737,velanvel12@abcd.com,1748
2837,velanvel1738,velanvel12@abcd.com,1749
2838,velanvel1739,velanvel12@abcd.com,1750
2839,velanvel1740,velanvel12@abcd.com,1751
2840,velanvel1741,velanvel12@abcd.com,1752
2841,velanvel1742,velanvel12@abcd.com,1753
2842,velanvel1743,velanvel12@abcd.com,1754
2843,velanvel1744,velanvel12@abcd.com,1755
2844,velanvel1745,velanvel12@abcd.com,1756
2845,velanvel1746,velanvel12@abcd.com,1757
2846,velanvel1747,velanvel12@abcd.com,1758
2847,velanvel1748,velanvel12@abcd.com,1759
2848,velanvel1749,velanvel12@abcd.com,1760
2849,velanvel1750,velanvel12@abcd.com,1761
2850,velanvel1751,velanvel12@abcd.com,1762
2851,velanvel1752,velanvel12@abcd.com,1763
2852,velanvel1753,velanvel12@abcd.com,1764
2853,velanvel1754,velanvel12@abcd.com,1765
2854,velanvel1755,velanvel12@abcd.com,1766
2855,velanvel1756,velanvel12@abcd.com,1767
2856,velanvel1757,velanvel12@abcd.com,1768
2857,velanvel1758,velanvel12@abcd.com,1769
2858,velanvel1759,velanvel12@abcd.com,1770
2859,velanvel1760,velanvel12@abcd.com,1771
2860,velanvel1761,velanvel12@abcd.com,1772
2861,velanvel1762,velanvel12@abcd.com,1773
2862,velanvel1763,velanvel12@abcd.com,1774
2863,velanvel1764,velanvel12@abcd.com,1775
2864,velanvel1765,velanvel12@abcd.com,1776
2865,velanvel1766,velanvel12@abcd.com,1777
2866,velanvel1767,velanvel12@abcd.com,1778
2867,velanvel1768,velanvel12@abcd.com,1779
2868,velanvel1769,velanvel12@abcd.com,1780
2869,velanvel1770,velanvel12@abcd.com,1781
2870,velanvel1771,velanvel12@abcd.com,1782
2871,velanvel1772,velanvel12@abcd.com,1783
2872,velanvel1773,velanvel12@abcd.com,1784
2873,velanvel1774,velanvel12@abcd.com,1785
2874,velanvel1775,velanvel12@abcd.com,1786
2875,velanvel1776,velanvel12@abcd.com,1787
2876,velanvel1777,velanvel12@abcd.com,1788
2877,velanvel1778,velanvel12@abcd.com,1789
2878,velanvel1779,velanvel12@abcd.com,1790
2879,velanvel1780,velanvel12@abcd.com,1791
2880,velanvel1781,velanvel12@abcd.com,1792
2881,velanvel1782,velanvel12@abcd.com,1793
2882,velanvel1783,velanvel12@abcd.com,1794
2883,velanvel1784,velanvel12@abcd.com,1795
2884,velanvel1785,velanvel12@abcd.com,1796
2885,velanvel1786,velanvel12@abcd.com,1797
2886,velanvel1787,velanvel12@abcd.com,1798
2887,velanvel1788,velanvel12@abcd.com,1799
2888,velanvel1789,velanvel12@abcd.com,1800
2889,velanvel1790,velanvel12@abcd.com,1801
2890,velanvel1791,velanvel12@abcd.com,1802
2891,velanvel1792,velanvel12@abcd.com,1803
2892,velanvel1793,velanvel12@abcd.com,1804
2893,velanvel1794,velanvel12@abcd.com,1805
2894,velanvel1795,velanvel12@abcd.com,1806
2895,velanvel1796,velanvel12@abcd.com,1807
2896,velanvel1797,velanvel12@abcd.com,1808
2897,velanvel1798,velanvel12@abcd.com,1809
2898,velanvel1799,velanvel12@abcd.com,1810
2899,velanvel1800,velanvel12@abcd.com,1811
2900,velanvel1801,velanvel12@abcd.com,1812
2901,velanvel1802,velanvel12@abcd.com,1813
2902,velanvel1803,velanvel12@abcd.com,1814
2903,velanvel1804,velanvel12@abcd.com,1815
2904,velanvel1805,velanvel12@abcd.com,1816
2905,velanvel1806,velanvel12@abcd.com,1817
2906,velanvel1807,velanvel12@abcd.com,1818
2907,velanvel1808,velanvel12@abcd.com,1819
2908,velanvel1809,velanvel12@abcd.com,1820
2909,velanvel1810,velanvel12@abcd.com,1821
2910,velanvel1811,velanvel12@abcd.com,1822
2911,velanvel1812,velanvel12@abcd.com,1823
2912,velanvel1813,velanvel12@abcd.com,1824
2913,velanvel1814,velanvel12@abcd.com,1825
2914,velanvel1815,velanvel12@abcd.com,1826
2915,velanvel1816,velanvel12@abcd.com,1827
2916,velanvel1817,velanvel12@abcd.com,1828
2917,velanvel1818,velanvel12@abcd.com,1829
2918,velanvel1819,velanvel12@abcd.com,1830
2919,velanvel1820,velanvel12@abcd.com,1831
2920,velanvel1821,velanvel12@abcd.com,1832
2921,velanvel1822,velanvel12@abcd.com,1833
2922,velanvel1823,velanvel12@abcd.com,1834
2923,velanvel1824,velanvel12@abcd.com,1835
2924,velanvel1825,velanvel12@abcd.com,1836
2925,velanvel1826,velanvel12@abcd.com,1837
2926,velanvel1827,velanvel12@abcd.com,1838
2927,velanvel1828,velanvel12@abcd.com,1839
2928,velanvel1829,velanvel12@abcd.com,1840
2929,velanvel1830,velanvel12@abcd.com,1841
2930,velanvel1831,velanvel12@abcd.com,1842
2931,velanvel1832,velanvel12@abcd.com,1843
2932,velanvel1833,velanvel12@abcd.com,1844
2933,velanvel1834,velanvel12@abcd.com,1845
2934,velanvel1835,velanvel12@abcd.com,1846
2935,velanvel1836,velanvel12@abcd.com,1847
2936,velanvel1837,velanvel12@abcd.com,1848
2937,velanvel1838,velanvel12@abcd.com,1849
2938,velanvel1839,velanvel12@abcd.com,1850
2939,velanvel1840,velanvel12@abcd.com,1851
2940,velanvel1841,velanvel12@abcd.com,1852
2941,velanvel1842,velanvel12@abcd.com,1853
2942,velanvel1843,velanvel12@abcd.com,1854
2943,velanvel1844,velanvel12@abcd.com,1855
2944,velanvel1845,velanvel12@abcd.com,1856
2945,velanvel1846,velanvel12@abcd.com,1857
2946,velanvel1847,velanvel12@abcd.com,1858
2947,velanvel1848,velanvel12@abcd.com,1859
2948,velanvel1849,velanvel12@abcd.com,1860
2949,velanvel1850,velanvel12@abcd.com,1861
2950,velanvel1851,velanvel12@abcd.com,1862
2951,velanvel1852,velanvel12@abcd.com,1863
2952,velanvel1853,velanvel12@abcd.com,1864
2953,velanvel1854,velanvel12@abcd.com,1865
2954,velanvel1855,velanvel12@abcd.com,1866
2955,velanvel1856,velanvel12@abcd.com,1867
2956,velanvel1857,velanvel12@abcd.com,1868
2957,velanvel1858,velanvel12@abcd.com,1869
2958,velanvel1859,velanvel12@abcd.com,1870
2959,velanvel1860,velanvel12@abcd.com,1871
2960,velanvel1861,velanvel12@abcd.com,1872
2961,velanvel1862,velanvel12@abcd.com,1873
2962,velanvel1863,velanvel12@abcd.com,1874
2963,velanvel1864,velanvel12@abcd.com,1875
2964,velanvel1865,velanvel12@abcd.com,1876
2965,velanvel1866,velanvel12@abcd.com,1877
2966,velanvel1867,velanvel12@abcd.com,1878
2967,velanvel1868,velanvel12@abcd.com,1879
2968,velanvel1869,velanvel12@abcd.com,1880
2969,velanvel1870,velanvel12@abcd.com,1881
2970,velanvel1871,velanvel12@abcd.com,1882
2971,velanvel1872,velanvel12@abcd.com,1883
2972,velanvel1873,velanvel12@abcd.com,1884
2973,velanvel1874,velanvel12@abcd.com,1885
2974,velanvel1875,velanvel12@abcd.com,1886
2975,velanvel1876,velanvel12@abcd.com,1887
2976,velanvel1877,velanvel12@abcd.com,1888
2977,velanvel1878,velanvel12@abcd.com,1889
2978,velanvel1879,velanvel12@abcd.com,1890
2979,velanvel1880,velanvel12@abcd.com,1891
2980,velanvel1881,velanvel12@abcd.com,1892
2981,velanvel1882,velanvel12@abcd.com,1893
2982,velanvel1883,velanvel12@abcd.com,1894
2983,velanvel1884,velanvel12@abcd.com,1895
2984,velanvel1885,velanvel12@abcd.com,1896
2985,velanvel1886,velanvel12@abcd.com,1897
2986,velanvel1887,velanvel12@abcd.com,1898
2987,velanvel1888,velanvel12@abcd.com,1899
2988,velanvel1889,velanvel12@abcd.com,1900
2989,velanvel1890,velanvel12@abcd.com,1901
2990,velanvel1891,velanvel12@abcd.com,1902
2991,velanvel1892,velanvel12@abcd.com,1903
2992,velanvel1893,velanvel12@abcd.com,1904
2993,velanvel1894,velanvel12@abcd.com,1905
2994,velanvel1895,velanvel12@abcd.com,1906
2995,velanvel1896,velanvel12@abcd.com,1907
2996,velanvel1897,velanvel12@abcd.com,1908
2997,velanvel1898,velanvel12@abcd.com,1909
2998,velanvel1899,velanvel12@abcd.com,1910
2999,velanvel1900,velanvel12@abcd.com,1911
3000,velanvel1901,velanvel12@abcd.com,1912
3001,velanvel1902,velanvel12@abcd.com,1913
3002,velanvel1903,velanvel12@abcd.com,1914
3003,velanvel1904,velanvel12@abcd.com,1915
3004,velanvel1905,velanvel12@abcd.com,1916
3005,velanvel1906,velanvel12@abcd.com,1917
3006,velanvel1907,velanvel12@abcd.com,1918
3007,velanvel1908,velanvel12@abcd.com,1919
3008,velanvel1909,velanvel12@abcd.com,1920
3009,velanvel1910,velanvel12@abcd.com,1921
3010,velanvel1911,velanvel12@abcd.com,1922
3011,velanvel1912,velanvel12@abcd.com,1923
3012,velanvel1913,velanvel12@abcd.com,1924
3013,velanvel1914,velanvel12@abcd.com,1925
3014,velanvel1915,velanvel12@abcd.com,1926
3015,velanvel1916,velanvel12@abcd.com,1927
3016,velanvel1917,velanvel12@abcd.com,1928
3017,velanvel1918,velanvel12@abcd.com,1929
3018,velanvel1919,velanvel12@abcd.com,1930
3019,velanvel1920,velanvel12@abcd.com,1931
3020,velanvel1921,velanvel12@abcd.com,1932
3021,velanvel1922,velanvel12@abcd.com,1933
3022,velanvel1923,velanvel12@abcd.com,1934
3023,velanvel1924,velanvel12@abcd.com,1935
3024,velanvel1925,velanvel12@abcd.com,1936
3025,velanvel1926,velanvel12@abcd.com,1937
3026,velanvel1927,velanvel12@abcd.com,1938
3027,velanvel1928,velanvel12@abcd.com,1939
3028,velanvel1929,velanvel12@abcd.com,1940
3029,velanvel1930,velanvel12@abcd.com,1941
3030,velanvel1931,velanvel12@abcd.com,1942
3031,velanvel1932,velanvel12@abcd.com,1943
3032,velanvel1933,velanvel12@abcd.com,1944
3033,velanvel1934,velanvel12@abcd.com,1945
3034,velanvel1935,velanvel12@abcd.com,1946
3035,velanvel1936,velanvel12@abcd.com,1947
3036,velanvel1937,velanvel12@abcd.com,1948
3037,velanvel1938,velanvel12@abcd.com,1949
3038,velanvel1939,velanvel12@abcd.com,1950
3039,velanvel1940,velanvel12@abcd.com,1951
3040,velanvel1941,velanvel12@abcd.com,1952
3041,velanvel1942,velanvel12@abcd.com,1953
3042,velanvel1943,velanvel12@abcd.com,1954
3043,velanvel1944,velanvel12@abcd.com,1955
3044,velanvel1945,velanvel12@abcd.com,1956
3045,velanvel1946,velanvel12@abcd.com,1957
3046,velanvel1947,velanvel12@abcd.com,1958
3047,velanvel1948,velanvel12@abcd.com,1959
3048,velanvel1949,velanvel12@abcd.com,1960
3049,velanvel1950,velanvel12@abcd.com,1961
3050,velanvel1951,velanvel12@abcd.com,1962
3051,velanvel1952,velanvel12@abcd.com,1963
3052,velanvel1953,velanvel12@abcd.com,1964
3053,velanvel1954,velanvel12@abcd.com,1965
3054,velanvel1955,velanvel12@abcd.com,1966
3055,velanvel1956,velanvel12@abcd.com,1967
3056,velanvel1957,velanvel12@abcd.com,1968
3057,velanvel1958,velanvel12@abcd.com,1969
3058,velanvel1959,velanvel12@abcd.com,1970
3059,velanvel1960,velanvel12@abcd.com,1971
3060,velanvel1961,velanvel12@abcd.com,1972
3061,velanvel1962,velanvel12@abcd.com,1973
3062,velanvel1963,velanvel12@abcd.com,1974
3063,velanvel1964,velanvel12@abcd.com,1975
3064,velanvel1965,velanvel12@abcd.com,1976
3065,velanvel1966,velanvel12@abcd.com,1977
3066,velanvel1967,velanvel12@abcd.com,1978
3067,velanvel1968,velanvel12@abcd.com,1979
3068,velanvel1969,velanvel12@abcd.com,1980
3069,velanvel1970,velanvel12@abcd.com,1981
3070,velanvel1971,velanvel12@abcd.com,1982
3071,velanvel1972,velanvel12@abcd.com,1983
3072,velanvel1973,velanvel12@abcd.com,1984
3073,velanvel1974,velanvel12@abcd.com,1985
3074,velanvel1975,velanvel12@abcd.com,1986
3075,velanvel1976,velanvel12@abcd.com,1987
3076,velanvel1977,velanvel12@abcd.com,1988
3077,velanvel1978,velanvel12@abcd.com,1989
3078,velanvel1979,velanvel12@abcd.com,1990
3079,velanvel1980,velanvel12@abcd.com,1991
3080,velanvel1981,velanvel12@abcd.com,1992
3081,velanvel1982,velanvel12@abcd.com,1993
3082,velanvel1983,velanvel12@abcd.com,1994
3083,velanvel1984,velanvel12@abcd.com,1995
3084,velanvel1985,velanvel12@abcd.com,1996
3085,velanvel1986,velanvel12@abcd.com,1997
3086,velanvel1987,velanvel12@abcd.com,1998
3087,velanvel1988,velanvel12@abcd.com,1999
3088,velanvel1989,velanvel12@abcd.com,2000
3089,velanvel1990,velanvel12@abcd.com,2001
3090,velanvel1991,velanvel12@abcd.com,2002
3091,velanvel1992,velanvel12@abcd.com,2003
3092,velanvel1993,velanvel12@abcd.com,2004
3093,velanvel1994,velanvel12@abcd.com,2005
3094,velanvel1995,velanvel12@abcd.com,2006
3095,velanvel1996,velanvel12@abcd.com,2007
3096,velanvel1997,velanvel12@abcd.com,2008
3097,velanvel1998,velanvel12@abcd.com,2009
3098,velanvel1999,velanvel12@abcd.com,2010
3099,velanvel2000,velanvel12@abcd.com,2011
3100,velanvel2001,velanvel12@abcd.com,2012
3101,velanvel2002,velanvel12@abcd.com,2013
3102,velanvel2003,velanvel12@abcd.com,2014
3103,velanvel2004,velanvel12@abcd.com,2015
3104,velanvel2005,velanvel12@abcd.com,2016
3105,velanvel2006,velanvel12@abcd.com,2017
3106,velanvel2007,velanvel12@abcd.com,2018
3107,velanvel2008,velanvel12@abcd.com,2019
3108,velanvel2009,velanvel12@abcd.com,2020
3109,velanvel2010,velanvel12@abcd.com,2021
3110,velanvel2011,velanvel12@abcd.com,2022
3111,velanvel2012,velanvel12@abcd.com,2023
3112,velanvel2013,velanvel12@abcd.com,2024
3113,velanvel2014,velanvel12@abcd.com,2025
3114,velanvel2015,velanvel12@abcd.com,2026
3115,velanvel2016,velanvel12@abcd.com,2027
3116,velanvel2017,velanvel12@abcd.com,2028
3117,velanvel2018,velanvel12@abcd.com,2029
3118,velanvel2019,velanvel12@abcd.com,2030
3119,velanvel2020,velanvel12@abcd.com,2031
3120,velanvel2021,velanvel12@abcd.com,2032
3121,velanvel2022,velanvel12@abcd.com,2033
3122,velanvel2023,velanvel12@abcd.com,2034
3123,velanvel2024,velanvel12@abcd.com,2035
3124,velanvel2025,velanvel12@abcd.com,2036
3125,velanvel2026,velanvel12@abcd.com,2037
3126,velanvel2027,velanvel12@abcd.com,2038
3127,velanvel2028,velanvel12@abcd.com,2039
3128,velanvel2029,velanvel12@abcd.com,2040
3129,velanvel2030,velanvel12@abcd.com,2041
3130,velanvel2031,velanvel12@abcd.com,2042
3131,velanvel2032,velanvel12@abcd.com,2043
3132,velanvel2033,velanvel12@abcd.com,2044
3133,velanvel2034,velanvel12@abcd.com,2045
3134,velanvel2035,velanvel12@abcd.com,2046
3135,velanvel2036,velanvel12@abcd.com,2047
3136,velanvel2037,velanvel12@abcd.com,2048
3137,velanvel2038,velanvel12@abcd.com,2049
3138,velanvel2039,velanvel12@abcd.com,2050
3139,velanvel2040,velanvel12@abcd.com,2051
3140,velanvel2041,velanvel12@abcd.com,2052
3141,velanvel2042,velanvel12@abcd.com,2053
3142,velanvel2043,velanvel12@abcd.com,2054
3143,velanvel2044,velanvel12@abcd.com,2055
3144,velanvel2045,velanvel12@abcd.com,2056
3145,velanvel2046,velanvel12@abcd.com,2057
3146,velanvel2047,velanvel12@abcd.com,2058
3147,velanvel2048,velanvel12@abcd.com,2059
3148,velanvel2049,velanvel12@abcd.com,2060
3149,velanvel2050,velanvel12@abcd.com,2061
3150,velanvel2051,velanvel12@abcd.com,2062
3151,velanvel2052,velanvel12@abcd.com,2063
3152,velanvel2053,velanvel12@abcd.com,2064
3153,velanvel2054,velanvel12@abcd.com,2065
3154,velanvel2055,velanvel12@abcd.com,2066
3155,velanvel2056,velanvel12@abcd.com,2067
3156,velanvel2057,velanvel12@abcd.com,2068
3157,velanvel2058,velanvel12@abcd.com,2069
3158,velanvel2059,velanvel12@abcd.com,2070
3159,velanvel2060,velanvel12@abcd.com,2071
3160,velanvel2061,velanvel12@abcd.com,2072
3161,velanvel2062,velanvel12@abcd.com,2073
3162,velanvel2063,velanvel12@abcd.com,2074
3163,velanvel2064,velanvel12@abcd.com,2075
